,model_class,dataset_index,fix_param,protocol,p1,p2,p3,p4,p5,p6,p7,p8,Gkr,score,well
0,Beattie,0,8,staircaseramp1,0.00022576241345961524,0.06987283611931813,3.4341799615039264e-05,0.054633483211314615,0.08721982175822557,0.008737029861491172,0.005145317971073007,0.031737848426133,0.1524,0.03012671398534334,0
1,Beattie,0,8,staircaseramp1,0.00021435102146520371,0.05831843398854708,2.823652772220842e-05,0.05842662903812318,0.09486069451401453,0.008458335352778071,0.0028313055336234246,0.027940828144579842,0.3048,0.040522744475314794,0
2,Beattie,0,8,staircaseramp1,0.00020690070491613587,0.05487896232484342,2.5760364818521994e-05,0.060459450293307834,0.09860106391171088,0.008524633804853254,0.0014818791257352403,0.026226560765297616,0.6096,0.04768900013543904,0
3,Beattie,0,8,staircaseramp1,0.0002152606239858094,0.08504767660354025,3.6804451506897817e-05,0.05112804541429452,0.08469536815325032,0.01039864960607066,0.00894009179452739,0.03504845690938401,0.08753081465077406,0.0541183241301927,0
4,Beattie,0,8,staircaseramp1,0.0001945556928736317,0.09354211080592217,1.6838263839679637e-05,0.05296733499796028,0.0788021966523247,0.017278365268651914,0.022773719834736816,0.03647211928739936,0.0381,0.1300054108735727,0
5,Beattie,0,8,sis,0.00022345076767177392,0.06941674868367166,3.451116578957424e-05,0.054560114730970444,0.08701854752859224,0.008737293250803106,0.005172672671794391,0.031672534737553236,0.1524,0.03601341322343513,0
6,Beattie,0,8,sis,0.00020377163716861694,0.06015853883310247,3.0247542069966845e-05,0.05806060800576786,0.0890026850671372,0.009400240205425332,0.0029380581573923434,0.027179823082701005,0.3048,0.047474082867434104,0
7,Beattie,0,8,sis,0.00019285110463935544,0.056722054219062956,2.829089680380749e-05,0.059907001724526183,0.09077266454150362,0.00953461739877394,0.0015804825398882379,0.025201133390971495,0.6096,0.05566309406563824,0
8,Beattie,0,8,sis,0.00024362195284446275,0.0811177461321412,3.5461539402931316e-05,0.05142996235493549,0.07898184272955965,0.008694023478687475,0.007572175690586931,0.03658203246254188,0.08753081465077406,0.05888123990356585,0
9,Beattie,0,8,sis,0.0002455277206515123,0.09674755202787333,1.9187686820648736e-05,0.05188066361020101,0.055071918113132924,0.010147926302434756,0.012971426400798984,0.045911358519581995,0.0381,0.13916646495682222,0
10,Beattie,0,8,spacefill19,0.00022156908500041154,0.06984138842756787,3.506588140743156e-05,0.054503303065413525,0.08634297607889559,0.008821783912674793,0.005152563505290515,0.031485562130044734,0.1524,0.06611900031080728,0
11,Beattie,0,8,spacefill19,0.00022225959579292044,0.06983335276923547,2.5684427887297815e-05,0.059810096224359614,0.09272472798020184,0.009086989466361916,0.002896802253450651,0.025625815056270308,0.3048,0.08972687488063638,0
12,Beattie,0,8,spacefill19,0.00022923732458170066,0.06989838246713519,2.3692608799000412e-05,0.061630175918935014,0.09417119677400439,0.009204548670365463,0.0014667812123942052,0.023599330654502794,0.6096,0.10563487385976504,0
13,Beattie,0,8,spacefill19,0.0002038657867153904,0.07650429672439359,3.972325694404608e-05,0.050029411024441195,0.07118331616695013,0.009573517827073004,0.0064654455473301215,0.03854951962242537,0.08753081465077406,0.10914749499575035,0
14,Beattie,0,8,spacefill19,0.00012013559760668059,0.09746975556181363,1.3184996501084347e-05,0.05450923744682034,0.04972231698207611,0.010461169424823405,0.009727079368713119,0.050597644610357144,0.0381,0.25265017161722914,0
15,Beattie,0,8,longap,0.00022370959796544004,0.07062929420672004,3.6711680329612065e-05,0.054068542113719004,0.08680718058477535,0.008668097485234217,0.005104964315668409,0.03173006598100506,0.1524,0.032147971545962516,0
16,Beattie,0,8,longap,0.0005013232180732422,0.05492595932197514,2.7698536063603607e-05,0.05714686224876877,0.1184782811050599,0.00026891271881172445,0.0023920674276615666,0.031441646639232775,0.3048,0.037474825621964206,0
17,Beattie,0,8,longap,0.0006132382536379559,0.04976899468570217,2.2713645881780416e-05,0.059275074461859166,0.13182171932237086,4.775268232536322e-10,0.001241779391856879,0.02994770993066423,0.6096,0.04139026983139091,0
18,Beattie,0,8,longap,0.00011268478579826429,0.09693624734004334,2.995136852679358e-05,0.052913905811472615,0.07037474927431246,0.012555291166468242,0.007831208225696084,0.036076134286180284,0.08753081465077406,0.06510087393632157,0
19,Beattie,0,8,longap,0.00014407251961022648,0.09898393303645366,7.11228110109896e-06,0.060168899604741505,0.07089548381510355,0.008847920855046543,0.01462623111909492,0.03925432644072373,0.0381,0.15685907389172907,0
20,Beattie,0,8,hhbrute3gstep,0.00022572836086765538,0.06989894559062709,3.477997088984921e-05,0.05452997636873556,0.08713718544477954,0.00887717318952449,0.005148785836775282,0.03161767278002209,0.1524,0.032846255978243505,0
21,Beattie,0,8,hhbrute3gstep,0.00022645166002850198,0.06758864200683166,3.052406967670571e-05,0.05864649822108692,0.08968467821115421,0.010171390216543605,0.002636092052862496,0.027129651298034418,0.3048,0.05527484921563944,0
22,Beattie,0,8,hhbrute3gstep,0.00022787633963857056,0.0659645268589769,2.9009812696868504e-05,0.0605334970686657,0.09338590782718842,0.010760476160545087,0.0013600947498683335,0.025381170290827544,0.6096,0.0676971234613901,0
23,Beattie,0,8,hhbrute3gstep,0.00022063542868502826,0.07461175511017559,3.705170761187231e-05,0.05063998485312428,0.07900102699307578,0.009002506818535124,0.008318332632053567,0.036006178984208645,0.08753081465077406,0.07686166990956629,0
24,Beattie,0,8,hhbrute3gstep,0.00017888939175249432,0.09142061880793999,3.0164181352141747e-05,0.047842405893170105,0.04948019906527619,0.014608209796145072,0.015093148631556658,0.04451142818498796,0.0381,0.18293676938640752,0
25,Beattie,0,8,wangbrute3gstep,0.00022503223425996674,0.06996985185867921,3.45511975751234e-05,0.054552132391171154,0.08628376789776623,0.008964407410767148,0.005091172229474989,0.03153058949117182,0.1524,0.030594703671978557,0
26,Beattie,0,8,wangbrute3gstep,0.0003444475665347312,0.059532026348725536,3.4211974107599326e-05,0.057512241655920025,0.08906107890117984,0.009666320893164708,0.002717978965134269,0.02684180892958047,0.3048,0.062013497670424085,0
27,Beattie,0,8,wangbrute3gstep,0.00038039038414065915,0.056853668674144264,3.328565613651274e-05,0.05914267289124729,0.09479333187049774,0.010265846299461858,0.0014418993120688427,0.024821612611277723,0.6096,0.07914675395351747,0
28,Beattie,0,8,wangbrute3gstep,8.119805037195498e-05,0.09324161456525233,2.7653237522787582e-05,0.05317002179169566,0.0791644787682535,0.009725034387078113,0.007627683363252597,0.036862369514622434,0.08753081465077406,0.09296322597970973,0
29,Beattie,0,8,wangbrute3gstep,7.682947623492903e-05,0.09374452975039162,9.416065880804848e-06,0.0580616056376133,0.0493393154856687,0.013220206188771687,0.010856082282868247,0.05578032739537611,0.0381,0.23718768535548276,0
30,Beattie,1,8,staircaseramp1,0.00022608117965040202,0.06985260243192237,3.4351180273881635e-05,0.0546356807376438,0.08679207331245499,0.008724213434069913,0.005119059461193198,0.03174978290418821,0.1524,0.030169248114275106,1
31,Beattie,1,8,staircaseramp1,0.00021466746036790215,0.0583292620055233,2.8269446225089238e-05,0.058421500347986086,0.09428341729858024,0.008451574166571633,0.0028129668131925685,0.02795421187007282,0.3048,0.040563738602271235,1
32,Beattie,1,8,staircaseramp1,0.0002072104690206701,0.05489281699536533,2.5813077848886898e-05,0.06044490748213601,0.09794876831568855,0.008516112311717833,0.0014713782483230609,0.026246478701035914,0.6096,0.04769438967228027,1
33,Beattie,1,8,staircaseramp1,0.00021565971057843357,0.08501746098182832,3.681489883616561e-05,0.05113043180266155,0.08436861316791094,0.010403172677458923,0.00890388887409517,0.03504196244503025,0.08753081465077406,0.05405041198589195,1
34,Beattie,1,8,staircaseramp1,0.0001949805322699136,0.09350858136432012,1.683931092138635e-05,0.05297410723868563,0.07859319655083734,0.017292132430026263,0.022707396372814558,0.03645185077703943,0.0381,0.12988971989037537,1
35,Beattie,1,8,sis,0.00022250683075307885,0.0694346912507659,3.4583746736701456e-05,0.054532407122981935,0.08674354177326848,0.008754222567327233,0.0051647421448019655,0.031667869505996364,0.1524,0.035952521260629686,1
36,Beattie,1,8,sis,0.00020284453499087719,0.0601576321407456,3.0332938538559726e-05,0.058025134812329696,0.08870108178027998,0.009416342845587572,0.0029349475297300023,0.027178138730271244,0.3048,0.04747760669108591,1
37,Beattie,1,8,sis,0.00019189035802427907,0.05672266073827971,2.8373799284845098e-05,0.05987181373790047,0.09048232434905495,0.009548176571094922,0.001579751304835914,0.025199273166162446,0.6096,0.05568672148090642,1
38,Beattie,1,8,sis,0.000242581839663119,0.08116531100857208,3.552433903986033e-05,0.05140713544271404,0.07876729268240286,0.00870743704914288,0.00755982384015243,0.03658120031674717,0.08753081465077406,0.05878087333386466,1
39,Beattie,1,8,sis,0.0002443740334790163,0.0968567412405828,1.9234100767177987e-05,0.051855015295438754,0.05496994010246511,0.01014776504642271,0.012958452422953754,0.04594271219049126,0.0381,0.13912686616123882,1
40,Beattie,1,8,spacefill19,0.00022188888851726663,0.06981686468976851,3.497889338793033e-05,0.05452530973443386,0.08634079241386183,0.008822127926476468,0.005147640192088741,0.03149325933985607,0.1524,0.06603416751264547,1
41,Beattie,1,8,spacefill19,0.0002226240416829754,0.06980617857074702,2.56221119505352e-05,0.0598312624551999,0.09274008051409707,0.00908130472460521,0.0028950230732205963,0.02563498403059655,0.3048,0.08968812149726108,1
42,Beattie,1,8,spacefill19,0.00022964622658870786,0.06986885486931048,2.3629054705660155e-05,0.06165384927762955,0.09420795293834844,0.00919565333595778,0.0014663171918013686,0.023609258777188467,0.6096,0.10561793851890962,1
43,Beattie,1,8,spacefill19,0.00020415240637048184,0.07647663258162143,3.9598685770824996e-05,0.05005728410337057,0.0711941572169033,0.009570951248835046,0.006458934493450977,0.038565093276225,0.08753081465077406,0.10907376420563653,1
44,Beattie,1,8,spacefill19,0.00012014693864732539,0.09747057984560978,1.3111081022950324e-05,0.05455849753765932,0.04974401068100227,0.010457923249868297,0.009712746367013282,0.05063990849650453,0.0381,0.25260125705556347,1
45,Beattie,1,8,longap,0.00022422652061677794,0.07056465404217183,3.657294685502914e-05,0.05408627065249075,0.087075036434093,0.008602791097220406,0.0051236118377643415,0.03171578458663626,0.1524,0.032072978573785556,1
46,Beattie,1,8,longap,0.0005011994904566509,0.05492435643473107,2.7565977882376705e-05,0.057164039944757335,0.11877927698554734,0.000224862776338234,0.0024012053955497097,0.031434858370219365,0.3048,0.03748074113643862,1
47,Beattie,1,8,longap,0.0006124941339423197,0.04973210243042701,2.2577373878848512e-05,0.05930617616967838,0.13215772307818144,2.6401887294260214e-11,0.0012478843261280368,0.029907931619181555,0.6096,0.04142581985392411,1
48,Beattie,1,8,longap,0.00011260714533200194,0.09693050202920159,2.996778767587489e-05,0.05289776741962562,0.07048111532914542,0.012516787281525287,0.00786384366633572,0.036071203200104054,0.08753081465077406,0.06486831670583744,1
49,Beattie,1,8,longap,0.00014385515737325697,0.09897135140219644,7.068520083170096e-06,0.0602067490931218,0.07099526823809502,0.008821948259596955,0.014694242948279103,0.03923780079785461,0.0381,0.15672301980919165,1
50,Beattie,1,8,hhbrute3gstep,0.00022607347654885886,0.06991086731809362,3.4724102131844785e-05,0.05454499600949618,0.08718344243351854,0.008859740798516317,0.005151058579587965,0.03161488680314064,0.1524,0.03286511690639008,1
51,Beattie,1,8,hhbrute3gstep,0.00022681072736285536,0.0675946134878722,3.0473361793697087e-05,0.05866079159090548,0.08975490715020293,0.01014710504541298,0.0026380153244644033,0.02713361967752215,0.3048,0.05517414678529267,1
52,Beattie,1,8,hhbrute3gstep,0.00022822901937992712,0.06597235626106647,2.8959098775105918e-05,0.0605490115296271,0.09345103625213651,0.01073557756244232,0.0013609498658467881,0.02538640713549055,0.6096,0.06760086484842576,1
53,Beattie,1,8,hhbrute3gstep,0.00022098051295979995,0.07462417677720108,3.698892283922112e-05,0.050657448575620385,0.07907192937137392,0.008980089273136921,0.008325694107722336,0.036002117120676164,0.08753081465077406,0.07693680902199578,1
54,Beattie,1,8,hhbrute3gstep,0.00017924931206991202,0.091446339565845,3.011394753808773e-05,0.04785896815340935,0.04959133322116898,0.014569674885018445,0.015132074529624437,0.04448348916861011,0.0381,0.1829580230173954,1
55,Beattie,1,8,wangbrute3gstep,0.0002248456589476715,0.06999015941575272,3.4563040175203084e-05,0.05454976190940753,0.08630057292086214,0.008977998958233238,0.005087695724948148,0.03153200530199,0.1524,0.03058809685915619,1
56,Beattie,1,8,wangbrute3gstep,0.000344182702183699,0.05955231765017966,3.422483023645204e-05,0.05750979739347004,0.08908320368145262,0.009680259799965204,0.002716804598151691,0.026839921092817746,0.3048,0.06205042011942943,1
57,Beattie,1,8,wangbrute3gstep,0.00038007321287864053,0.056876715778709466,3.330066489355303e-05,0.059139240221613945,0.09482953162410036,0.010279789339620767,0.0014415101848360909,0.024818958183190205,0.6096,0.07917499968911301,1
58,Beattie,1,8,wangbrute3gstep,8.105183913188385e-05,0.09325529695296213,2.730353820513398e-05,0.05327721857918946,0.07900275500851765,0.00975499144208747,0.0075892767729484265,0.036858989856091255,0.08753081465077406,0.09288864695845765,1
59,Beattie,1,8,wangbrute3gstep,7.690546028653875e-05,0.09375276210426708,9.399879382570224e-06,0.05807729736906131,0.04943821726475323,0.013213061348100297,0.0107708859147265,0.05603020378013912,0.0381,0.23712298995722794,1
60,Beattie,2,8,staircaseramp1,0.00022530252004733598,0.06984314540214795,3.440904490543552e-05,0.054609911216599874,0.08671697295888736,0.008727328303740602,0.005115552151893617,0.03175300721012213,0.1524,0.03016412341611346,2
61,Beattie,2,8,staircaseramp1,0.00021385468746479522,0.058313165367855725,2.832884227495127e-05,0.058387646438473155,0.09428453912507839,0.008457214950306022,0.0028146600516856615,0.02795220963361567,0.3048,0.04052339797097278,2
62,Beattie,2,8,staircaseramp1,0.0002064059584056118,0.054878093768431745,2.5864373589322457e-05,0.06041164452370954,0.09794363115120272,0.00852068448250352,0.0014724380978726856,0.026242968493371203,0.6096,0.047647040571370806,2
63,Beattie,2,8,staircaseramp1,0.00021486795181424348,0.085057638770853,3.686884413795812e-05,0.05111084220933365,0.08427702345742655,0.010389010591459573,0.008893685495367265,0.035068397250507005,0.08753081465077406,0.05404429192151384,2
64,Beattie,2,8,staircaseramp1,0.00019410774705741067,0.09361153260678667,1.6878952607270416e-05,0.05294531580309511,0.07837869750662452,0.01714675518557313,0.022641209237973227,0.03661601763104597,0.0381,0.12990434623638886,2
65,Beattie,2,8,sis,0.00022299500188669946,0.06944929906535789,3.455012126963851e-05,0.054548057287860885,0.08687284862774161,0.008759788747795691,0.0051694915011504606,0.03164071029862045,0.1524,0.03607268879617715,2
66,Beattie,2,8,sis,0.00020344907455021965,0.06020747271318131,3.0277059293701525e-05,0.05805029675525419,0.0888970687417036,0.009405245558703096,0.0029368423113305757,0.027166629129921564,0.3048,0.04749450618398411,2
67,Beattie,2,8,sis,0.00019259829479299735,0.05676417892439104,2.831779625247772e-05,0.05989636479144271,0.09067516152093803,0.009532877862156291,0.0015799846729941613,0.025193691492834198,0.6096,0.05568703439592,2
68,Beattie,2,8,sis,0.00024305023308337766,0.08113232538522272,3.550210088314631e-05,0.05142024553919857,0.07887039506116704,0.008710204821608152,0.007569812926803377,0.036558155220089754,0.08753081465077406,0.0589027220275225,2
69,Beattie,2,8,sis,0.0002448613728913435,0.09679520486343207,1.922612799600619e-05,0.051869223033586716,0.055058109439819924,0.010127761666767847,0.012979854056906265,0.045941204314733065,0.0381,0.13911534520630622,2
70,Beattie,2,8,spacefill19,0.0002215759722087251,0.06982395744741267,3.4968873918595206e-05,0.05452421212183594,0.08633036825717569,0.008808655087379663,0.005151822116440327,0.031483219392194256,0.1524,0.06610922666828738,2
71,Beattie,2,8,spacefill19,0.00022240854920756986,0.06980595483185831,2.5620726515195523e-05,0.05982730013090393,0.0926762212843108,0.009079492095523342,0.0028948169794132377,0.025624361000173377,0.3048,0.08975410948284897,2
72,Beattie,2,8,spacefill19,0.00022952345542546135,0.06986431160977416,2.3646625541270028e-05,0.06164283310140561,0.09411555996024766,0.009198106442752353,0.0014655881037913504,0.02359975328849431,0.6096,0.10565538737619963,2
73,Beattie,2,8,spacefill19,0.00020375204446926624,0.07649352350097129,3.960832226358613e-05,0.05005278622411576,0.07121122983765656,0.009549113514255917,0.006468510709743583,0.038556806913701856,0.08753081465077406,0.10902905982139927,2
74,Beattie,2,8,spacefill19,0.0001201443354307366,0.09747039806793968,1.3133804077159628e-05,0.05454382985595683,0.049765527515272585,0.010430323608316227,0.009741751475612874,0.05058959228338612,0.0381,0.2525115458348099,2
75,Beattie,2,8,longap,0.00022373065277137095,0.07058762283628153,3.678299093664372e-05,0.05406272015178281,0.08686624649822931,0.008716690959224432,0.00512152700237146,0.031712921054980324,0.1524,0.03219030873600561,2
76,Beattie,2,8,longap,0.0005024716747560945,0.05490366356327247,2.7783759600463948e-05,0.057131167625095354,0.11879355251463533,0.00028679807840281874,0.0023993064110050116,0.03142595406501432,0.3048,0.037541916018780264,2
77,Beattie,2,8,longap,0.0006141545899890137,0.0497859157848304,2.2790774088942123e-05,0.059254899949387,0.13209896746758437,2.8771431966101207e-10,0.0012446144092356616,0.029945652335874023,0.6096,0.04144036286147284,2
78,Beattie,2,8,longap,0.00011261772366998381,0.09693128646060754,2.993563871371707e-05,0.052925191326764764,0.07041743898159993,0.012592147613342736,0.007853620288461607,0.0360800366686731,0.08753081465077406,0.06503376977500894,2
79,Beattie,2,8,longap,0.00014390631778035562,0.098974314439982,7.030029768563759e-06,0.060275316626916244,0.0709539345383912,0.00887199540007106,0.014664733456946577,0.03927168632988333,0.0381,0.1567737308812291,2
80,Beattie,2,8,hhbrute3gstep,0.00022582856938713853,0.06994208896106477,3.472661769603244e-05,0.05454241456984543,0.08718411819030045,0.008860015010280933,0.0051511853170403046,0.031621083229740186,0.1524,0.03281862612013433,2
81,Beattie,2,8,hhbrute3gstep,0.00022655709105651734,0.06763060353871814,3.04758805079905e-05,0.05865853413660333,0.08972140627407565,0.010154356576297622,0.0026370691597317544,0.027132513474777444,0.3048,0.05521163836243476,2
82,Beattie,2,8,hhbrute3gstep,0.00022797147477532546,0.06600571493645516,2.8963503194634568e-05,0.060545444082973,0.09342062224068563,0.010746090257958222,0.0013605357317175754,0.025382412811701314,0.6096,0.0676381384114499,2
83,Beattie,2,8,hhbrute3gstep,0.00022073013913285274,0.07465409949544072,3.699527357700696e-05,0.05065380493231009,0.07903850547042632,0.0089902919204413,0.00832213882250925,0.036001325159021304,0.08753081465077406,0.07695096727923866,2
84,Beattie,2,8,hhbrute3gstep,0.00017894516724345125,0.09149509841396823,3.012306488747826e-05,0.04785648471469319,0.049461603003215344,0.014626085657216412,0.015096139131063065,0.044437871885946494,0.0381,0.1830611121789009,2
85,Beattie,2,8,wangbrute3gstep,0.0002250471175446304,0.06999019276326975,3.4529568339569445e-05,0.0545632882738306,0.0863554659688041,0.008968325828345888,0.005092242690188037,0.03153685381382345,0.1524,0.03062868607233735,2
86,Beattie,2,8,wangbrute3gstep,0.00034435539449833723,0.059560302695920796,3.418093869289732e-05,0.05752629756956851,0.08914206574195155,0.009671155515524969,0.0027190142020621553,0.026844846778032613,0.3048,0.0620034411494934,2
87,Beattie,2,8,wangbrute3gstep,0.0003802699417955652,0.0568835737857731,3.3253900180280565e-05,0.059157500115855244,0.09487836612350067,0.010270551908574168,0.0014424193753179728,0.02482492405506272,0.6096,0.07912392323865428,2
88,Beattie,2,8,wangbrute3gstep,8.141525221765172e-05,0.09316293827464484,2.733438674716963e-05,0.05327414827595822,0.07918772926074573,0.009702948708725734,0.00762023076064896,0.03688053963524959,0.08753081465077406,0.09297456936756486,2
89,Beattie,2,8,wangbrute3gstep,7.688585604149852e-05,0.09375064307368292,9.384385047160782e-06,0.05809353891293097,0.04939380553321261,0.013220736869176504,0.010826882789998944,0.05585543906907654,0.0381,0.23718399216473027,2
90,Beattie,3,8,staircaseramp1,0.00022548690538840946,0.06991308432101555,3.442300750770197e-05,0.05461375893021496,0.0867420518108684,0.008735521088594746,0.00511780815387502,0.0317545340844406,0.1524,0.03021932455601868,3
91,Beattie,3,8,staircaseramp1,0.00021416781845452648,0.058373819272276785,2.8334403292519267e-05,0.05839964799025095,0.09422784934105377,0.008457445290865338,0.002812483113238894,0.027962829442092434,0.3048,0.04053757545018978,3
92,Beattie,3,8,staircaseramp1,0.0002067388115132175,0.05492293195424509,2.586257120645616e-05,0.060427251136409635,0.0979205107688522,0.008516518771403001,0.0014717243052789202,0.02625641156787381,0.6096,0.047665824120542995,3
93,Beattie,3,8,staircaseramp1,0.0002149687550101364,0.08507598786811527,3.687619668247194e-05,0.05111115423300468,0.08431831818433178,0.010399270570966767,0.00890173024590195,0.03506049055255936,0.08753081465077406,0.05418914458112446,3
94,Beattie,3,8,staircaseramp1,0.0001941636629885395,0.09359551064540171,1.6890285363993438e-05,0.05294160112607704,0.07840060307136902,0.017224820304987083,0.02266189969981594,0.03654320027428799,0.0381,0.13005384319931848,3
95,Beattie,3,8,sis,0.00022319387975650937,0.06949834384681829,3.4545610605035794e-05,0.05455757893577193,0.0870181310584404,0.00873052713990662,0.005172807031938063,0.031679870929034945,0.1524,0.036128927356104,3
96,Beattie,3,8,sis,0.00020372266451036764,0.060258626028887624,3.0256937395110153e-05,0.05806751899329007,0.08899712074659152,0.009400190471757683,0.0029361448801827205,0.027179192759822703,0.3048,0.04756859043049942,3
97,Beattie,3,8,sis,0.0001928358965105445,0.05681457030002746,2.8300209395881246e-05,0.0599131097340547,0.0907606689087659,0.009535009721207638,0.0015792618946226136,0.025200846430832535,0.6096,0.0557452916333394,3
98,Beattie,3,8,sis,0.00024328940224656553,0.08116312803193919,3.550914030435606e-05,0.0514232586709074,0.07898060663859718,0.008679786102070897,0.007574687055010107,0.036599335731653804,0.08753081465077406,0.05898448999568279,3
99,Beattie,3,8,sis,0.0002451280831869848,0.09678256823492908,1.9219541785539196e-05,0.05187643680211076,0.055107159089977334,0.010109741279057487,0.012986271217073424,0.045953543677764226,0.0381,0.13923878538062298,3
100,Beattie,3,8,spacefill19,0.00022152810797458424,0.06984007451284331,3.50587747988116e-05,0.05450257080885311,0.08630933157416501,0.008822141360527138,0.005149569804579252,0.03148667636479272,0.1524,0.06606036089309028,3
101,Beattie,3,8,spacefill19,0.0002223034900333502,0.06982838270516463,2.569277616124194e-05,0.05980498073120628,0.09267603264763291,0.009087239893564861,0.002894523752099915,0.025628780040222014,0.3048,0.08969233492821624,3
102,Beattie,3,8,spacefill19,0.00022934072162008934,0.06988985429243615,2.3687768202886474e-05,0.061630150832644996,0.09414217876542325,0.009200683591440823,0.001466005079611562,0.023603575410833473,0.6096,0.1056111127247247,3
103,Beattie,3,8,spacefill19,0.0002037445940217354,0.07650273871573057,3.969040402661536e-05,0.050033400657281867,0.07118129609716582,0.0095679209576669,0.006463839673595308,0.03855845571076927,0.08753081465077406,0.10907466901087151,3
104,Beattie,3,8,spacefill19,0.00012009515295832089,0.09746697320577469,1.315669401328438e-05,0.05452298163086322,0.04975952563895841,0.010447872841817673,0.009728015850785077,0.050629380915783805,0.0381,0.25259449844895476,3
105,Beattie,3,8,longap,0.00022299704175586006,0.07042825222246704,3.6079176294727716e-05,0.054222863284818575,0.08703188974315904,0.008752208827648055,0.005153252296493615,0.0316989397546164,0.1524,0.032244171585801666,3
106,Beattie,3,8,longap,0.0005030222229990122,0.05467022488246685,2.7341439253828248e-05,0.05726069318366734,0.1192040775234239,0.0002764255881394473,0.002412172801950746,0.031416086652757816,0.3048,0.03770446960158762,3
107,Beattie,3,8,longap,0.00061477849970612,0.049564065633875345,2.24448937760018e-05,0.05937763525818258,0.13262945385522937,1.2154030379803558e-10,0.0012518580390766126,0.029925288959431234,0.6096,0.041628719722815906,3
108,Beattie,3,8,longap,0.00011258292885137338,0.09692870991679739,2.986487740851727e-05,0.05294495952674143,0.07061916101982017,0.012598464707422222,0.007885585262952322,0.036095769049919325,0.08753081465077406,0.06502012835024763,3
109,Beattie,3,8,longap,0.00014396863466861225,0.09897792032582087,7.104836505204793e-06,0.06018464115722703,0.07111881642322003,0.008869440718124191,0.014722205452238731,0.0393005065586218,0.0381,0.15682202271314305,3
110,Beattie,3,8,hhbrute3gstep,0.0002259551243950955,0.06992284665420274,3.470711364312608e-05,0.054543088680830215,0.08716285229357348,0.00886473471883936,0.005149415401603894,0.031614749852929905,0.1524,0.03280453638281519,3
111,Beattie,3,8,hhbrute3gstep,0.00022670608102898546,0.06761035122067371,3.0455185305459232e-05,0.058660768674499736,0.08972637379919199,0.010154135670755028,0.0026370173488475027,0.027129853038327517,0.3048,0.05522090761064172,3
112,Beattie,3,8,hhbrute3gstep,0.00022812514860897357,0.06598919076945181,2.894387945848405e-05,0.06054832644428603,0.09341488402816595,0.010743882913460253,0.0013603286202398402,0.025382184095919743,0.6096,0.067655650039692,3
113,Beattie,3,8,hhbrute3gstep,0.0002208130041522802,0.07463581439527092,3.6977460784315314e-05,0.05065233096683076,0.0789877066211759,0.00900044850248694,0.008315624445316666,0.03599075085427157,0.08753081465077406,0.07691570212482138,3
114,Beattie,3,8,hhbrute3gstep,0.0001788816385520091,0.09147839799024354,3.0100312980759673e-05,0.04785450925278352,0.0494229478859219,0.014634024859814233,0.01508031531220159,0.044431881936367434,0.0381,0.18302190314348374,3
115,Beattie,3,8,wangbrute3gstep,0.00022457005137299277,0.07001337841935362,3.456829453959429e-05,0.05454758442341934,0.08631631531451248,0.00898519434037121,0.005089790160617849,0.031523732019191945,0.1524,0.030596280834492128,3
116,Beattie,3,8,wangbrute3gstep,0.00034373006386062733,0.059578254203576625,3.4226119902003e-05,0.05750774879129631,0.08909373917516882,0.009690794148292646,0.002717495923951008,0.026830361197963195,0.3048,0.06202528545267155,3
117,Beattie,3,8,wangbrute3gstep,0.0003795944551018069,0.056901888945110966,3.3308589103983416e-05,0.059135353222526395,0.09481202827338694,0.010289478142098653,0.001441339651852948,0.02481268967870413,0.6096,0.07912591826737103,3
118,Beattie,3,8,wangbrute3gstep,8.11603903046538e-05,0.09321904554184826,2.7362825027739828e-05,0.05326027544180583,0.07916787775624913,0.009711497607559098,0.007614201646130918,0.036883000401772004,0.08753081465077406,0.09288609843364545,3
119,Beattie,3,8,wangbrute3gstep,7.690636713528768e-05,0.09375286437573804,9.396746955138912e-06,0.05808089565230691,0.04954083168464706,0.013178533011140576,0.010814165673814262,0.0560058887767726,0.0381,0.23715051132360263,3
120,Beattie,4,8,staircaseramp1,0.0002258089840197218,0.06986886400225133,3.4420441908352094e-05,0.05460812504458177,0.08697898074195282,0.008752318741468097,0.005135062176292002,0.03171642396852007,0.1524,0.030289440386295823,4
121,Beattie,4,8,staircaseramp1,0.0002144690237494476,0.0583498850000026,2.8324762928231087e-05,0.058395631693928925,0.09451039579294356,0.00847481773344671,0.0028222700383711634,0.027924849246274214,0.3048,0.040615727119566014,4
122,Beattie,4,8,staircaseramp1,0.00020703897793164063,0.054905995463239446,2.58499288344826e-05,0.06042344400451727,0.09821402453032167,0.00853253646628424,0.0014767287220095841,0.026219215166533274,0.6096,0.0477437164383811,4
123,Beattie,4,8,staircaseramp1,0.00021538889694259475,0.0850040348937751,3.6885004661390655e-05,0.051102831536546496,0.08450283917778324,0.010425426490698032,0.008927575508456001,0.03501226117268854,0.08753081465077406,0.05419768131919764,4
124,Beattie,4,8,staircaseramp1,0.00019466576685021485,0.09351272414084114,1.689389420495069e-05,0.052928647903720184,0.0787226845922605,0.017340794417927352,0.022774140901598613,0.03640076121417143,0.0381,0.1300222241235506,4
125,Beattie,4,8,sis,0.00022344184628789174,0.06945870625121266,3.4599299192371004e-05,0.05454343149251053,0.08674263954375318,0.008756500078914882,0.005157027149053758,0.031671938304339946,0.1524,0.035915186096047984,4
126,Beattie,4,8,sis,0.00020378292510642718,0.06022650298558548,3.0328997232258822e-05,0.058047741596191665,0.08874159055443878,0.00941572634938886,0.0029289894359001887,0.027183840222325006,0.3048,0.0473934154827286,4
127,Beattie,4,8,sis,0.00019283391222341354,0.0567817827929177,2.838565941818091e-05,0.05988819172054305,0.09050789544613522,0.009551055436590471,0.0015759160101321693,0.02520613687629056,0.6096,0.05558987531997994,4
128,Beattie,4,8,sis,0.00024363610876329425,0.08113172727955516,3.554785149615388e-05,0.051410963302151176,0.07868333700040528,0.008723175738357864,0.007546072439577572,0.03657208940792311,0.08753081465077406,0.05886728168885395,4
129,Beattie,4,8,sis,0.0002455066689271808,0.0967579756398901,1.9234148475048248e-05,0.05186254653419681,0.05483477928479702,0.010199218672704916,0.012921318316058375,0.04588333567243397,0.0381,0.13924767426736015,4
130,Beattie,4,8,spacefill19,0.0002215785632478089,0.06986486531735384,3.496490634291948e-05,0.054529234329712295,0.08638725981214063,0.008817104520305964,0.0051529539359720595,0.03147873459666705,0.1524,0.0660732705302303,4
131,Beattie,4,8,spacefill19,0.00022235554083258654,0.06985404923071921,2.563311509190198e-05,0.0598258221323067,0.09274141047738907,0.009085431559921576,0.002895723926843746,0.025620654851780982,0.3048,0.08974074116893176,4
132,Beattie,4,8,spacefill19,0.00022942781718966133,0.06991095834877456,2.3638895094596712e-05,0.06164777832029254,0.09420372977366563,0.009200689791026343,0.001466526533098184,0.023596310866881146,0.6096,0.10565403056617363,4
133,Beattie,4,8,spacefill19,0.00020387789281515683,0.07652225415761521,3.9617458007270934e-05,0.05005428986935556,0.07125097251360184,0.009559426252154318,0.006468353607677563,0.038558030236362326,0.08753081465077406,0.10896905709277323,4
134,Beattie,4,8,spacefill19,0.00012026035039713884,0.09747843983464928,1.3137118216384908e-05,0.05454179974039178,0.049779381818660685,0.010444876946271317,0.009729714358989304,0.05062299373308037,0.0381,0.25247172517758415,4
135,Beattie,4,8,longap,0.00022224970647355473,0.07080787787054107,3.647394189868321e-05,0.05412703596678252,0.086837548281766,0.008700427893091943,0.005109480492670466,0.031718343631945374,0.1524,0.03220328933698763,4
136,Beattie,4,8,longap,0.0004986809395030081,0.05510092451864845,2.7502558241539365e-05,0.05721124912520454,0.11861242650443875,0.00028802695017184624,0.0023940761705174797,0.031430040657404776,0.3048,0.03757418695305908,4
137,Beattie,4,8,longap,0.000610179024972238,0.04997426465756609,2.260292701489933e-05,0.05931995916698301,0.13184864426813683,4.906012285797128e-11,0.001241312939171876,0.0299525978810918,0.6096,0.041481143979955545,4
138,Beattie,4,8,longap,0.00011262290101684662,0.09693166895035339,2.9808774455567198e-05,0.052951079604407786,0.07056189832380745,0.012537773195171437,0.00784688996435758,0.036098957061681765,0.08753081465077406,0.06508347619866162,4
139,Beattie,4,8,longap,0.00014393017705773906,0.0989756942228732,7.119666554606094e-06,0.06015286897228507,0.07101589597865259,0.008811606517457967,0.014651755959096898,0.03931061524016114,0.0381,0.15686370412249206,4
140,Beattie,4,8,hhbrute3gstep,0.0002256132799875068,0.06992980740113276,3.472036106919675e-05,0.05454250740080664,0.08712297607537559,0.008881605548805687,0.005146489550117928,0.0316057428206242,0.1524,0.032848979553139035,4
141,Beattie,4,8,hhbrute3gstep,0.00022635146199072932,0.06761605406206274,3.0476000244279305e-05,0.058655796392195085,0.08969215668027754,0.010169301445520354,0.0026356987895284015,0.02712404334326679,0.3048,0.05516583822875847,4
142,Beattie,4,8,hhbrute3gstep,0.00022776698857961304,0.06599141895779502,2.8960295907064596e-05,0.060543533680357246,0.09340030524851854,0.010755059488725759,0.0013600173368483696,0.025377869480893364,0.6096,0.06758210582413367,4
143,Beattie,4,8,hhbrute3gstep,0.00022049314276253754,0.0746480678136638,3.698014538645348e-05,0.05065650469471464,0.07900372900009994,0.009006694542146936,0.008315983872746112,0.035991578671933463,0.08753081465077406,0.07691716759034381,4
144,Beattie,4,8,hhbrute3gstep,0.0001786958772463402,0.09148935736405583,3.0085920765230416e-05,0.0478659456518198,0.04947666774943208,0.014629345597437287,0.015088175080944906,0.04444995244862033,0.0381,0.18298641196885976,4
145,Beattie,4,8,wangbrute3gstep,0.0002245040637552158,0.07001166869152284,3.4469951700206596e-05,0.054572915595418964,0.08637109144918882,0.00895757402899008,0.005097479916905118,0.031526526444867975,0.1524,0.030702013654229265,4
146,Beattie,4,8,wangbrute3gstep,0.00034370983453696046,0.059572674216562656,3.4129764514004666e-05,0.057533063015367474,0.08913232648990753,0.009660728593969256,0.002720925942133003,0.02683578588636592,0.3048,0.06205501594347615,4
147,Beattie,4,8,wangbrute3gstep,0.0003796689755163979,0.05689148380960043,3.3211873094442424e-05,0.059161871406998794,0.09484665833183649,0.010262119358757624,0.0014430062262867666,0.02481648993508918,0.6096,0.07916539744596429,4
148,Beattie,4,8,wangbrute3gstep,8.193890926416978e-05,0.09298705272212525,2.740166044742153e-05,0.05325238618187716,0.0789169939623049,0.0096894747223644,0.0076031091662301245,0.0368720160158627,0.08753081465077406,0.0930158613176834,4
149,Beattie,4,8,wangbrute3gstep,7.685677086690228e-05,0.0937474876120325,9.366418002800216e-06,0.05811043963221698,0.049398669111470686,0.013209923347817934,0.010807633989319745,0.0559212488334767,0.0381,0.23725389120991638,4
150,Beattie,5,8,staircaseramp1,0.00022565587002112554,0.06995518489713445,3.439610246763936e-05,0.054619635673297,0.0870277262239786,0.008722121522940936,0.005132868209685582,0.03175463028751349,0.1524,0.03026828762293942,5
151,Beattie,5,8,staircaseramp1,0.00021441673632856855,0.058396328916820665,2.8283935359071826e-05,0.058414034200931476,0.09454969601624748,0.008444504839218433,0.0028206863456480113,0.02795852187709353,0.3048,0.04058329514167984,5
152,Beattie,5,8,staircaseramp1,0.00020697585131777745,0.05494606264190905,2.5804515306180372e-05,0.060445125713015045,0.09821624738865926,0.008502205236543927,0.0014753518821666962,0.02625212035514803,0.6096,0.047725826518039326,5
153,Beattie,5,8,staircaseramp1,0.00021500839393166405,0.08513611773269503,3.685316058645154e-05,0.051115651889952554,0.0846364751568014,0.010403271110015152,0.008932917689813982,0.03504043999896373,0.08753081465077406,0.054302893207866944,5
154,Beattie,5,8,staircaseramp1,0.00019428475567653605,0.09363696363925816,1.684995159040885e-05,0.05296339524332284,0.07883131612596565,0.017273144211874876,0.02277814137362063,0.03645611629968173,0.0381,0.13014659279467794,5
155,Beattie,5,8,sis,0.00022237458716329504,0.0694824203305169,3.458690151145079e-05,0.054538457496496794,0.0868446039557614,0.00877200428354746,0.005170045035424237,0.03165673870960037,0.1524,0.03603762996611319,5
156,Beattie,5,8,sis,0.00020285229380693354,0.06021507020101771,3.033013233056274e-05,0.058035757953190735,0.08883205752377338,0.009429703100862675,0.0029379176909193074,0.02716922149047348,0.3048,0.04753528367384098,5
157,Beattie,5,8,sis,0.00019194839495810092,0.0567711681113915,2.8370954127321325e-05,0.059882585854581546,0.09061165356987932,0.009562502453631608,0.0015811487508321392,0.025190563174881813,0.6096,0.055741560086103724,5
158,Beattie,5,8,sis,0.00024233091059241377,0.08117823995338692,3.5526982054151167e-05,0.05141087602074727,0.07881798554459614,0.008729795639019808,0.007565670756933661,0.036566496155064104,0.08753081465077406,0.0588663880436163,5
159,Beattie,5,8,sis,0.0002439705491689962,0.09686866162559517,1.9223784519556918e-05,0.05186186358798267,0.054983593073393136,0.01017438102535089,0.012961900362673126,0.0459270326274295,0.0381,0.13915868987758567,5
160,Beattie,5,8,spacefill19,0.0002223155504916861,0.06979552530269299,3.498112271655699e-05,0.054525788150254696,0.08630271774677162,0.008831046170162404,0.005146665095565825,0.031468147197972064,0.1524,0.06611100065098786,5
161,Beattie,5,8,spacefill19,0.0002232109151801933,0.06977260910687341,2.5663312731567152e-05,0.05981747048564326,0.09264265874917398,0.009098875736003023,0.002891783172591578,0.025619607275515238,0.3048,0.08962682753135257,5
162,Beattie,5,8,spacefill19,0.00023020713196695035,0.06983716955337527,2.3685712160854164e-05,0.061632936083037826,0.09410014325838094,0.009214183385544616,0.0014644873689007467,0.023598271190989176,0.6096,0.10549489492942601,5
163,Beattie,5,8,spacefill19,0.00020452168565937302,0.0764562602682114,3.961354057318953e-05,0.050055953720440804,0.07120987960483857,0.009566547844813708,0.006464136686027893,0.03854278556210755,0.08753081465077406,0.10906899917055328,5
164,Beattie,5,8,spacefill19,0.00012021456098170809,0.09747525494856916,1.3132872406322715e-05,0.05454425487905104,0.04980235443873881,0.010431609458238568,0.009729314803086633,0.0506334474220991,0.0381,0.2525195232132985,5
165,Beattie,5,8,longap,0.0002253150212937819,0.07060840337602857,3.715106677955649e-05,0.05397235283991285,0.08692438822683682,0.00865979979566225,0.005100458050502167,0.03172617118296785,0.1524,0.032218574668139065,5
166,Beattie,5,8,longap,0.0005040866220373414,0.055011817817045706,2.8052029399789967e-05,0.057041519214147754,0.11856929453209383,0.00026703194277170796,0.00238863227280224,0.031449501273949756,0.3048,0.03755855528112563,5
167,Beattie,5,8,longap,0.0006164420503156344,0.04987831114660807,2.3032694581528184e-05,0.05916030668715838,0.13184551252527357,3.891457913934018e-10,0.0012393997831401365,0.029957729386613396,0.6096,0.041468344526253274,5
168,Beattie,5,8,longap,0.00011275069885189893,0.09694112036465782,2.9969561233900324e-05,0.05290956345153159,0.07036906577330808,0.01259865561294073,0.007839826822789697,0.03606409892620973,0.08753081465077406,0.06500369482005548,5
169,Beattie,5,8,longap,0.0001441349096115476,0.09898753637798884,7.090975050967878e-06,0.06019257162661565,0.07084571784720148,0.00889783277135945,0.014630390512828589,0.03924785975790448,0.0381,0.15674869044343562,5
170,Beattie,5,8,hhbrute3gstep,0.000225706175561971,0.06991552785803423,3.471289693361808e-05,0.05454662504620158,0.08705743342725139,0.008857429527400044,0.005140448471549466,0.03164103302586772,0.1524,0.0328426187804845,5
171,Beattie,5,8,hhbrute3gstep,0.00022643474869302042,0.06760621074064478,3.0463375477229135e-05,0.05866350921542636,0.08961339606347841,0.01015095775757766,0.002632625832350799,0.027149059952903797,0.3048,0.05525033200695039,5
172,Beattie,5,8,hhbrute3gstep,0.00022785034929665972,0.06598176216937103,2.8951102871259004e-05,0.06055131581146707,0.09331666507578339,0.010741372324654268,0.001358411953046061,0.025399195202688275,0.6096,0.06768581338452223,5
173,Beattie,5,8,hhbrute3gstep,0.00022062025890383187,0.07462472116000869,3.69765224919659e-05,0.050658463734984595,0.07891524861020417,0.008985126834001628,0.008302174044774277,0.0360292718195494,0.08753081465077406,0.07694266531595598,5
174,Beattie,5,8,hhbrute3gstep,0.00017886593617584356,0.09143308792474997,3.0092557394480228e-05,0.04786475095864902,0.04932495956057635,0.014630181201842311,0.015030069534073617,0.04448385339849259,0.0381,0.18303473257444128,5
175,Beattie,5,8,wangbrute3gstep,0.00022513411844710715,0.06996783562238902,3.452871735614395e-05,0.05455780463137853,0.08630030466254969,0.008969268727005559,0.005088723447768789,0.03153146168579293,0.1524,0.030657107187125675,5
176,Beattie,5,8,wangbrute3gstep,0.0003446402507175551,0.0595189372927066,3.4201057536758906e-05,0.0575146924691997,0.0890832978494197,0.009666592339734974,0.002717643243641187,0.02684314794323202,0.3048,0.06202749991947279,5
177,Beattie,5,8,wangbrute3gstep,0.0003806292081805102,0.05683826943218218,3.3282019997541394e-05,0.059143486147528,0.09480801525357065,0.010265129680255706,0.0014416142274189716,0.02482435386188269,0.6096,0.07914990476845485,5
178,Beattie,5,8,wangbrute3gstep,8.019447768764742e-05,0.0934371825229225,2.742041339510335e-05,0.05323420651904144,0.07909085148275159,0.009730885804027242,0.007613769699214818,0.03685349376023697,0.08753081465077406,0.09296989473510273,5
179,Beattie,5,8,wangbrute3gstep,7.69037116624828e-05,0.09375257614902927,9.402688368361884e-06,0.05807567256637203,0.049319930414577016,0.013251551430821351,0.010806131834656915,0.05583426498037711,0.0381,0.23716289732197007,5
180,Beattie,6,8,staircaseramp1,0.0002263017511581891,0.06985536743708001,3.431709680518891e-05,0.05464026575852203,0.0869750199598648,0.008724282981830709,0.005130803831568311,0.03173986316608887,0.1524,0.030254636167910867,6
181,Beattie,6,8,staircaseramp1,0.00021493539632950437,0.0583351624805504,2.823541665714576e-05,0.0584287600340899,0.09454022144008024,0.008464258999426493,0.0028207503066326367,0.02793252941893186,0.3048,0.040558077624021395,6
182,Beattie,6,8,staircaseramp1,0.00020745303517410017,0.054888969571388405,2.5776465241744556e-05,0.06045265264574219,0.09827206865496337,0.008530289886402975,0.0014763278107777689,0.026221745501397678,0.6096,0.04766874837210175,6
183,Beattie,6,8,staircaseramp1,0.0002159086140891461,0.0849735871537396,3.677493465259981e-05,0.05113546228724865,0.08449357215597735,0.01036070207723328,0.008919358810252586,0.035070764004044824,0.08753081465077406,0.05419762556482112,6
184,Beattie,6,8,staircaseramp1,0.00019525996927822578,0.0934271191802563,1.6815797209999726e-05,0.052982389552312575,0.0785551672693043,0.017164790112924114,0.022703902621837156,0.03656053939873324,0.0381,0.13003339921695217,6
185,Beattie,6,8,sis,0.00022336332616163822,0.06946436329526799,3.456120221309913e-05,0.05454374344497859,0.08685895778583008,0.008750372886404479,0.0051643614015974264,0.03166580979084681,0.1524,0.03591956922856069,6
186,Beattie,6,8,sis,0.0002037913580539957,0.06021174466808369,3.0288697468548796e-05,0.058047176987484586,0.08881613191066315,0.00941684499755898,0.00293164274082295,0.027169195809281007,0.3048,0.04748276383705855,6
187,Beattie,6,8,sis,0.00019284558043087809,0.056765431818005634,2.8348718701435706e-05,0.05988624476046055,0.09056200123009897,0.00955417363091889,0.0015769253961640723,0.02519030429997003,0.6096,0.055691390883250994,6
188,Beattie,6,8,sis,0.0002433862961267295,0.08117266068901108,3.55184075814316e-05,0.05141016962514548,0.07883785223412078,0.008709781590640514,0.007561230446163722,0.03657689104133564,0.08753081465077406,0.058793918846343995,6
189,Beattie,6,8,sis,0.00024506219506813856,0.09680301915477521,1.921637995914448e-05,0.051862836717440554,0.055018175650055706,0.010147060455269776,0.01296735813333306,0.0459279081224383,0.0381,0.13920964498854344,6
190,Beattie,6,8,spacefill19,0.00022202797486612245,0.06979378237231601,3.5028229522406165e-05,0.054513288596666286,0.08627261281398207,0.008822867126624721,0.005148261033631212,0.0314802071270212,0.1524,0.06611170239386732,6
191,Beattie,6,8,spacefill19,0.00022291397736962052,0.06976893981943873,2.569122277265796e-05,0.05980660174729865,0.09263855414905486,0.00908878392762606,0.0028937704787146573,0.025625763263979792,0.3048,0.08967983015329896,6
192,Beattie,6,8,spacefill19,0.00023001036054245416,0.06982798665234434,2.36962284059214e-05,0.06162835854361345,0.09409823531029027,0.009203012576412272,0.0014654327160636108,0.023602312814612385,0.6096,0.10558219248124108,6
193,Beattie,6,8,spacefill19,0.0002042280262482682,0.07645264224927656,3.964626596916067e-05,0.05004902170510988,0.07115281850049719,0.009565720659104555,0.006464111667134722,0.03854667939764419,0.08753081465077406,0.10912482206717877,6
194,Beattie,6,8,spacefill19,0.00012012067153313785,0.09746871284228616,1.315704069038988e-05,0.05453291514060589,0.049688958735782975,0.010462212409651154,0.009728170571492785,0.0505768796894194,0.0381,0.25258667570561466,6
195,Beattie,6,8,longap,0.00022279060432058684,0.07051163429186667,3.633297327565361e-05,0.054154638533293324,0.08684070611879799,0.008664950715779284,0.005126001495354996,0.03175243956095851,0.1524,0.03221206507616317,6
196,Beattie,6,8,longap,0.0005012921446105136,0.05469252743459559,2.744461619709404e-05,0.057222841641092474,0.11873619049566654,0.0002395308313362991,0.0024020738233507476,0.0314578890749444,0.3048,0.03752780032453877,6
197,Beattie,6,8,longap,0.0006126874848265385,0.04948393473258235,2.2449213615132786e-05,0.05937613949336595,0.1321636816634247,2.3096286851043443e-11,0.0012485941782646344,0.029935639069641713,0.6096,0.04145439428022058,6
198,Beattie,6,8,longap,0.00011253173915990903,0.09692492097701139,2.9908934787067982e-05,0.052924622850099905,0.07048661904302696,0.012513521211604673,0.007849624749325027,0.036120992695978016,0.08753081465077406,0.06514301254116976,6
199,Beattie,6,8,longap,0.00014380802689333987,0.09896861907775802,6.9847315164592585e-06,0.06031748013181106,0.07108839286691428,0.008817050610512566,0.014670589036014953,0.039287954214373505,0.0381,0.156865592899911,6
200,Beattie,6,8,hhbrute3gstep,0.00022620958380625806,0.06986683123488804,3.475643020694273e-05,0.05453315343701394,0.08712181595560849,0.00885789437649623,0.005147709642979718,0.03162222904383125,0.1524,0.032809763646229555,6
201,Beattie,6,8,hhbrute3gstep,0.00022691926153906342,0.06756059747101396,3.049511429568591e-05,0.05865260791532017,0.08969079823866818,0.010144159976500127,0.0026363787687753546,0.027139243019373423,0.3048,0.05523202109029712,6
202,Beattie,6,8,hhbrute3gstep,0.0002283205860585501,0.06594156389360105,2.897565755671301e-05,0.06054230874299959,0.09338933796888985,0.010734612775370878,0.0013601236484051522,0.02539050972270091,0.6096,0.06768161557106447,6
203,Beattie,6,8,hhbrute3gstep,0.00022112822136196894,0.0745736091964409,3.702533481784896e-05,0.050643972446399135,0.07896631540712412,0.008991853335087145,0.008314945634873927,0.03599764300634716,0.08753081465077406,0.07691966179247008,6
204,Beattie,6,8,hhbrute3gstep,0.00017933148969369027,0.09138247858301328,3.0149552598849226e-05,0.04784452497555947,0.04940066311181854,0.014632327626232624,0.015079460201602616,0.04443266486183938,0.0381,0.18298596542556023,6
205,Beattie,6,8,wangbrute3gstep,0.00022462619249227658,0.07002044285365856,3.455892502006734e-05,0.054553362338944776,0.08623168691317548,0.008971401676940603,0.00508609903018134,0.031537235178385324,0.1524,0.030685566706976475,6
206,Beattie,6,8,wangbrute3gstep,0.0003438450792165983,0.05958145514761296,3.421814027890404e-05,0.05751301185096316,0.08901133317003025,0.00967699552365155,0.0027157309339285777,0.026842332153696306,0.3048,0.06206608880686078,6
207,Beattie,6,8,wangbrute3gstep,0.00037976013973849815,0.056902038696945816,3.329720542485426e-05,0.05914139021293813,0.09474811678444112,0.01027587861928525,0.0014408117753974001,0.024822333514568695,0.6096,0.0791656288550029,6
208,Beattie,6,8,wangbrute3gstep,8.127326652654749e-05,0.09318539521917513,2.735611442142149e-05,0.05326583039298734,0.07908895628749636,0.009712148649731519,0.0076117774030369295,0.03688006967535685,0.08753081465077406,0.09296889006568476,6
209,Beattie,6,8,wangbrute3gstep,7.689006296768906e-05,0.09375109408859597,9.365727749377238e-06,0.05811064746621541,0.04935882474059231,0.013234585096897681,0.010770154309027002,0.0559932235244261,0.0381,0.23720280698401572,6
210,Beattie,7,8,staircaseramp1,0.0002256452019003202,0.06980484981628032,3.4428438439115285e-05,0.0545956253783862,0.08699579347433249,0.008711268445683111,0.005131792497299166,0.031760094921923394,0.1524,0.030200469437442642,7
211,Beattie,7,8,staircaseramp1,0.00021416062346674933,0.05826849595748358,2.8302963599403396e-05,0.05838805640885257,0.09454896398646183,0.008405060573398274,0.002822412403753711,0.027987636513326676,0.3048,0.04039485345592628,7
212,Beattie,7,8,staircaseramp1,0.0002066821642022491,0.05483615923466203,2.580764577921092e-05,0.0604273783107325,0.0982433982482766,0.008466118900094731,0.0014768161609945239,0.02627715961440841,0.6096,0.047542927985088176,7
213,Beattie,7,8,staircaseramp1,0.00021528270260095378,0.08493481221158627,3.6887675917465256e-05,0.05109665510569269,0.08448871613544241,0.010396522455067838,0.008916970973952104,0.03504407610849527,0.08753081465077406,0.05436284358226044,7
214,Beattie,7,8,staircaseramp1,0.0001945062010813282,0.09346849293337098,1.6895314451195344e-05,0.05292878843485772,0.07867319855136033,0.01729504335564982,0.02272983887005507,0.03644530196339458,0.0381,0.13019098937093593,7
215,Beattie,7,8,sis,0.00022324991805057785,0.06936905333394677,3.4592265767083664e-05,0.05453216087279341,0.08692561482765605,0.008788266631454563,0.005174312757055396,0.03164362312491691,0.1524,0.03601584902275828,7
216,Beattie,7,8,sis,0.0002033631111794067,0.06012337445112459,3.0350874824646934e-05,0.05802262722180813,0.08891641171592335,0.009445104224193736,0.002941018241570639,0.02715726655345752,0.3048,0.04744691433274024,7
217,Beattie,7,8,sis,0.00019238407324415088,0.05668737053251399,2.839297001704527e-05,0.059868301991331155,0.09070966445519839,0.009575470440528349,0.0015830488683293762,0.025179358941528278,0.6096,0.05564339642352793,7
218,Beattie,7,8,sis,0.00024359613200737812,0.08106900818224054,3.5505577713014633e-05,0.051414884589853264,0.0788992198243828,0.008748749385514192,0.007571720592368558,0.036548652422316294,0.08753081465077406,0.05894178955932234,7
219,Beattie,7,8,sis,0.00024551571531847386,0.09675379894874278,1.9187003826149576e-05,0.05188310872569012,0.05499546485645211,0.01023020176383515,0.012964990323056284,0.04586174277537644,0.0381,0.13928429827165068,7
220,Beattie,7,8,spacefill19,0.00022136133558637645,0.06984118756569489,3.4923950303242494e-05,0.05453601528681711,0.08633349148467877,0.00881433729628943,0.005150394801171756,0.03148167391509408,0.1524,0.06600939711199723,7
221,Beattie,7,8,spacefill19,0.00022221834119633352,0.06982094684276288,2.559302677825193e-05,0.059837768174023975,0.09270515593441545,0.009079713596339125,0.0028950856617935574,0.025627044137851416,0.3048,0.08961389831317741,7
222,Beattie,7,8,spacefill19,0.00022919715117346968,0.06988725616008525,2.3612390043576356e-05,0.06165674822252319,0.09415051066488822,0.009196047436303346,0.0014659521051501975,0.023602679989864726,0.6096,0.10551836599518738,7
223,Beattie,7,8,spacefill19,0.00020353255607676054,0.07651094751939815,3.9564614255873294e-05,0.05006139482681467,0.07120430723339452,0.009558220354365736,0.0064655953109699574,0.03855091424471765,0.08753081465077406,0.10901127208383836,7
224,Beattie,7,8,spacefill19,0.00012010188975148971,0.0974674585191541,1.3099573306126335e-05,0.054562255606749765,0.049778055868052916,0.01043194147481475,0.009728009747208862,0.05062626173772354,0.0381,0.25249398500868336,7
225,Beattie,7,8,longap,0.00022248451830126606,0.07069608077267538,3.642978886922389e-05,0.05413776174012669,0.0867120919280952,0.008750324392500588,0.005120206969553917,0.03167312371277204,0.1524,0.032068182015330064,7
226,Beattie,7,8,longap,0.0004998955465510226,0.05496371845718681,2.748864175395879e-05,0.05721550332308603,0.11857380673779389,0.0003110384754925089,0.0023990972393403815,0.03139114760438732,0.3048,0.0374491307029765,7
227,Beattie,7,8,longap,0.0006112871496245526,0.0498363826922828,2.2553315925101993e-05,0.059334669191110405,0.131820944474139,2.3442257141558865e-11,0.001243896103701759,0.029930245756934676,0.6096,0.04134981435162718,7
228,Beattie,7,8,longap,0.0001126069333377445,0.09693048781294651,2.9798610276859804e-05,0.0529561066105944,0.07034391772146063,0.01261118277045044,0.007846826870898252,0.036018544709041866,0.08753081465077406,0.06499062489461135,7
229,Beattie,7,8,longap,0.00014388497074451084,0.09897307860910817,7.055004134002749e-06,0.06023203850495529,0.07076240467934732,0.008894033358539742,0.014645803726717482,0.03920504346001999,0.0381,0.15674848165584399,7
230,Beattie,7,8,hhbrute3gstep,0.00022604469695545253,0.06991859501142694,3.474915077444548e-05,0.054537909936884676,0.08719792651588003,0.008866295328415336,0.005153315320756818,0.03161404065674903,0.1524,0.03280613466545575,7
231,Beattie,7,8,hhbrute3gstep,0.00022677607855622333,0.06760513161676365,3.0495353526608482e-05,0.058653502459968254,0.08975015216043558,0.01015819628243838,0.00263850855160163,0.027127832350513605,0.3048,0.055166837756518566,7
232,Beattie,7,8,hhbrute3gstep,0.00022820686978880495,0.06597983211584948,2.8981508641913747e-05,0.06054061847689681,0.09344786252225135,0.01074678135367338,0.0013612802514983628,0.025379295414137987,0.6096,0.06759850500132306,7
233,Beattie,7,8,hhbrute3gstep,0.00022095161614191702,0.07462897009217093,3.702509112424559e-05,0.050648481531304024,0.07902798353714438,0.009000578510226452,0.008324013613165232,0.03598961165511421,0.08753081465077406,0.07696161097302928,7
234,Beattie,7,8,hhbrute3gstep,0.0001791729906135673,0.09146561861438172,3.015180826253803e-05,0.04784972271526665,0.04945944777298645,0.014633958332691249,0.015104034363755122,0.04443117047058676,0.0381,0.18305041152908377,7
235,Beattie,7,8,wangbrute3gstep,0.00022531331409221883,0.06995717531919687,3.458325306387297e-05,0.0545460435083366,0.08632370325689992,0.008974535709469048,0.005088565303922496,0.0315404684769061,0.1524,0.030562034624105477,7
236,Beattie,7,8,wangbrute3gstep,0.0003445650883631485,0.05953080163291819,3.4233397270991605e-05,0.05750892491779759,0.08911539681032078,0.009677066153961971,0.002717907135023105,0.02684426191683575,0.3048,0.06200627179895198,7
237,Beattie,7,8,wangbrute3gstep,0.00038044283745169527,0.05685878140436148,3.330710563143371e-05,0.05913917319398319,0.09486013094776784,0.010277034868278332,0.0014420918385083044,0.024822003862726743,0.6096,0.07914446570510428,7
238,Beattie,7,8,wangbrute3gstep,8.169889333556544e-05,0.09309310240545478,2.7368193242085863e-05,0.053261038527418376,0.07910313152368013,0.009701220560361894,0.007586932272577208,0.036959400432000786,0.08753081465077406,0.09297598071517905,7
239,Beattie,7,8,wangbrute3gstep,7.693470429268989e-05,0.09375593555192197,9.41405708826231e-06,0.05806453960570834,0.049387971699150206,0.013239049993448715,0.010794476656965169,0.055908419918258456,0.0381,0.2372332445424916,7
240,Beattie,8,8,staircaseramp1,0.000225691852981187,0.06988198402842902,3.441121959613308e-05,0.05460746548563743,0.08690309874495936,0.008716058873716206,0.0051300207666094555,0.031737573177223366,0.1524,0.030262000908311295,8
241,Beattie,8,8,staircaseramp1,0.00021434286949871366,0.05836392725693379,2.8328357149451493e-05,0.05838945402083981,0.09453649323262495,0.008471231339311871,0.0028228808014630615,0.02791776937600307,0.3048,0.040583050092080734,8
242,Beattie,8,8,staircaseramp1,0.00020689367900467718,0.054921957500044506,2.586327569778043e-05,0.060413390141623655,0.09829088299510522,0.008539086124589191,0.0014778131920429422,0.026205372605743762,0.6096,0.04769087607463314,8
243,Beattie,8,8,staircaseramp1,0.0002152177439548518,0.08506815135325621,3.688237233260684e-05,0.051102329524313414,0.08441134559064377,0.010350964554876047,0.008916337422366336,0.03507197659798049,0.08753081465077406,0.05414096950612651,8
244,Beattie,8,8,staircaseramp1,0.0001944444812190349,0.09359618043773027,1.6905776145386993e-05,0.05292389567585758,0.07854506472940095,0.01720254257774521,0.022717767353427214,0.036518427210946204,0.0381,0.12997744277368928,8
245,Beattie,8,8,sis,0.00022320265471071485,0.06944461686021158,3.452967613715723e-05,0.05455326668019801,0.08696335855051092,0.008767524774647734,0.005170001431508386,0.03166140288018653,0.1524,0.03603264089241295,8
246,Beattie,8,8,sis,0.00020351646327332172,0.06019819496039709,3.027183007986396e-05,0.05805347071481957,0.08894240589742766,0.009431815044981936,0.002936609186461275,0.027166934863358846,0.3048,0.04750638139729798,8
247,Beattie,8,8,sis,0.0001925786477524023,0.05675543492048923,2.832219316376683e-05,0.05989689395073106,0.09070369273519296,0.00956693935464719,0.0015798163430869984,0.025188116832542927,0.6096,0.05569934217158321,8
248,Beattie,8,8,sis,0.00024337317498172165,0.08114732895640021,3.547125217054621e-05,0.05142495850327814,0.07891718502979891,0.00873513719162185,0.007566193857719778,0.03656127723808164,0.08753081465077406,0.05892588187881654,8
249,Beattie,8,8,sis,0.00024515318885914654,0.09682121502997236,1.9177716935613598e-05,0.051883957965905815,0.05496538776242335,0.010242348023358685,0.012947946595544027,0.04583770864721858,0.0381,0.13926905406479265,8
250,Beattie,8,8,spacefill19,0.00022190782896358674,0.06980096143616889,3.491696378173528e-05,0.05454122660812126,0.08639808206890585,0.008806757730923091,0.005153661052588323,0.03148969302895092,0.1524,0.06611572419405858,8
251,Beattie,8,8,spacefill19,0.00022268716148768835,0.06978691911529808,2.5581050330286913e-05,0.05984455162388901,0.0927758535348231,0.009072020042787758,0.0028971837532198595,0.025630801967885634,0.3048,0.08972836368995353,8
252,Beattie,8,8,spacefill19,0.00022970381245982828,0.06985373551638471,2.3609875728325834e-05,0.06165995599824007,0.0942211892323096,0.009190744211022332,0.0014669513160186845,0.02360448154515875,0.6096,0.1056368086511511,8
253,Beattie,8,8,spacefill19,0.0002041534131121415,0.07646333402006698,3.956698984420479e-05,0.050065086447248656,0.07126666637768943,0.009548669482656785,0.0064697294113161595,0.038565963790892735,0.08753081465077406,0.10907568723794825,8
254,Beattie,8,8,spacefill19,0.00012020657796214056,0.09747471903747597,1.3116008296956324e-05,0.05455467599421558,0.049836853832121095,0.01042136959441471,0.00973449189867438,0.05065349230590535,0.0381,0.25253381675657766,8
255,Beattie,8,8,longap,0.00022465083278245295,0.07061323995616062,3.675278322616472e-05,0.054060621241374514,0.08704407155848252,0.008604182241835614,0.0051162165877496136,0.031729657560612336,0.1524,0.03228760834019186,8
256,Beattie,8,8,longap,0.0005018056598581957,0.05496929257895677,2.7659622553337733e-05,0.057155825263844114,0.11871148272617851,0.0002392509266916621,0.0023989269550105576,0.031439883418998026,0.3048,0.03765624100391782,8
257,Beattie,8,8,longap,0.0006135217632887894,0.04980107697535218,2.2693706232641955e-05,0.05928303830300436,0.1320584633490353,6.009805967667751e-10,0.001245951719205844,0.029924572252301253,0.6096,0.04158536903185226,8
258,Beattie,8,8,longap,0.00011272879889009234,0.09693950139157392,2.996091811676723e-05,0.052912520926723605,0.07051813091431447,0.012492460089861268,0.007862274879779885,0.036091902418717126,0.08753081465077406,0.06501605231715898,8
259,Beattie,8,8,longap,0.00014404968364505652,0.09898261270518305,7.126531108598008e-06,0.06015275838756386,0.0710889817813934,0.008763216684405752,0.01470546248590728,0.039287850425712936,0.0381,0.15675619667023258,8
260,Beattie,8,8,hhbrute3gstep,0.00022556343213978668,0.06995291864129569,3.4703111820891925e-05,0.054547258969465155,0.08711243080300994,0.008851861681284856,0.005147659985530812,0.031622343074110944,0.1524,0.03285394142273165,8
261,Beattie,8,8,hhbrute3gstep,0.00022630323397708916,0.06764387682361185,3.0453109751213087e-05,0.05866459926654241,0.08965007698072532,0.01014447875066772,0.0026352857909353222,0.027136107137638144,0.3048,0.05530632515208925,8
262,Beattie,8,8,hhbrute3gstep,0.00022774580640474263,0.06601571148477284,2.894152691024679e-05,0.06055179054087601,0.09334084703121907,0.010735377462762201,0.001359517608769415,0.02538732935512961,0.6096,0.06773351708528262,8
263,Beattie,8,8,hhbrute3gstep,0.0002204332559985001,0.07466768081416021,3.6970445695697654e-05,0.050656975329613045,0.07898546953696868,0.00897951075958792,0.008317265041192776,0.03600576880115804,0.08753081465077406,0.07685513633080819,8
264,Beattie,8,8,hhbrute3gstep,0.0001786296871625445,0.09150811958776171,3.0087287995526175e-05,0.047862565793883004,0.04948901290088233,0.014584117824587088,0.01510143945222182,0.044472928857465156,0.0381,0.1829547756602121,8
265,Beattie,8,8,wangbrute3gstep,0.00022509773829940423,0.0699679925155302,3.460336075960304e-05,0.05454224205852194,0.0863170031853983,0.008966897188057802,0.005089950649648502,0.031540250900134535,0.1524,0.03056957169790219,8
266,Beattie,8,8,wangbrute3gstep,0.000344380626565381,0.05953965084689973,3.4252119053760865e-05,0.057506072406079106,0.08907991808375502,0.009670349573727139,0.00271724186733031,0.026847164565391206,0.3048,0.06205553137504804,8
267,Beattie,8,8,wangbrute3gstep,0.00038024092946638575,0.056867668191472084,3.332253289112848e-05,0.05913750679015877,0.09480807767878206,0.010270869537533164,0.0014414207754417292,0.02482653757839131,0.6096,0.0791801453232874,8
268,Beattie,8,8,wangbrute3gstep,8.110470065727581e-05,0.09319547205422221,2.733306492137587e-05,0.05326693477102696,0.07900811580072614,0.009705876922793458,0.007594248297320544,0.03691345343856274,0.08753081465077406,0.0928917449872507,8
269,Beattie,8,8,wangbrute3gstep,7.691387066289694e-05,0.09375367874314339,9.412096915940273e-06,0.0580657171573138,0.04954701707656715,0.013179023945142058,0.010805335521507456,0.0560288011585733,0.0381,0.23711799721480525,8
270,Beattie,9,8,staircaseramp1,0.00022627110861892622,0.06973296954712353,3.438837113229467e-05,0.05461800829752301,0.08699550744968351,0.008757048697982956,0.005130617510760103,0.03173103124456825,0.1524,0.030299862099676174,9
271,Beattie,9,8,staircaseramp1,0.00021472596149039024,0.05823228113683784,2.8301148952569543e-05,0.05840326374134684,0.09458723425247796,0.008488172854868395,0.0028223913822539937,0.027929304157524783,0.3048,0.04068113722321296,9
272,Beattie,9,8,staircaseramp1,0.0002072620525002451,0.054808050843433875,2.5837809132542987e-05,0.060429762595559655,0.0982761314104575,0.008553605523925256,0.001476555049368573,0.026218984632702558,0.6096,0.04780077867247182,9
273,Beattie,9,8,staircaseramp1,0.00021601297229121268,0.08487866257804515,3.686640679972655e-05,0.05111050851825312,0.08451489922150575,0.01040774187680323,0.008916869898195092,0.03505995100481202,0.08753081465077406,0.05406455928015505,9
274,Beattie,9,8,staircaseramp1,0.00019529837436049874,0.09340163147873788,1.6887020333219466e-05,0.0529354918146411,0.0787276890449015,0.0172592918752176,0.02273612357988536,0.03652743440416847,0.0381,0.12988898181574773,9
275,Beattie,9,8,sis,0.0002229193174056751,0.06950550135535961,3.464210080679194e-05,0.0545187762089936,0.0868624545096053,0.008743547665318804,0.005165247154057429,0.03168577214968353,0.1524,0.035955927687118264,9
276,Beattie,9,8,sis,0.0002034382566541885,0.060253316337640375,3.033373090305837e-05,0.05803499985935682,0.08886763375110396,0.009396261232733369,0.0029339167404559487,0.02719657324458328,0.3048,0.04748706376089506,9
277,Beattie,9,8,sis,0.00019258174654500818,0.05681003553750668,2.835765793880501e-05,0.05988800158588248,0.09062624866276418,0.009528910919509677,0.0015780533596677685,0.025217709154637797,0.6096,0.05573000412573296,9
278,Beattie,9,8,sis,0.0002429863469205809,0.08118140799086043,3.5602420625152746e-05,0.0513833128829515,0.07879108148011937,0.008720339959009298,0.0075574060098144305,0.03657882748573959,0.08753081465077406,0.05896058431439205,9
279,Beattie,9,8,sis,0.000244774588022759,0.09682730000048524,1.927558892347999e-05,0.05182869293636869,0.05493814987327243,0.010196335223058607,0.012945409525198959,0.045892302971054705,0.0381,0.13937698345041624,9
280,Beattie,9,8,spacefill19,0.00022203328466756367,0.06979800918684453,3.503008987119586e-05,0.054512078768322945,0.08625848268115707,0.008827882544037526,0.005140467555366711,0.03149156166069662,0.1524,0.06609559341248952,9
281,Beattie,9,8,spacefill19,0.00022294969521364466,0.0697742454685671,2.569271399028396e-05,0.05980654632136911,0.09259512460027547,0.009095587042289029,0.0028891734404036654,0.025632616746199353,0.3048,0.08967921761539595,9
282,Beattie,9,8,spacefill19,0.00023013880022786743,0.0698224163700645,2.370679683568413e-05,0.06162460267870371,0.0940462879008897,0.009211254990953323,0.0014631238251155139,0.02360881337777517,0.6096,0.1055645121779798,9
283,Beattie,9,8,spacefill19,0.0002041469045056822,0.07647832015795696,3.9667725045992434e-05,0.0500419943235636,0.07112978760841579,0.009578788659713013,0.006449064449205418,0.03856230270367379,0.08753081465077406,0.10907929687089442,9
284,Beattie,9,8,spacefill19,0.00012023252008091166,0.09747649296952753,1.3151292238010541e-05,0.05453007958728975,0.049701830980403,0.010468441643498668,0.009698128956318814,0.050616074024840474,0.0381,0.2525751649505971,9
285,Beattie,9,8,longap,0.00022576251119765456,0.07031369384065873,3.626720460585166e-05,0.054168633808281984,0.08730228576875977,0.008665239610995855,0.00513289349146536,0.03170853910753858,0.1524,0.032307035417531674,9
286,Beattie,9,8,longap,0.0005059122229593632,0.054660883417911595,2.743172848427435e-05,0.05722194867981848,0.11919362888325209,0.0002653522359676892,0.002404764291637052,0.031428467947152934,0.3048,0.037634861968971194,9
287,Beattie,9,8,longap,0.0006182416037316471,0.049515177114960514,2.2473381183533082e-05,0.05935653000340871,0.13264618887739138,2.181413412988085e-10,0.0012490161358214339,0.02993086296968276,0.6096,0.041535465844410514,9
288,Beattie,9,8,longap,0.00011276221523696181,0.09694197086411493,2.9703840129208575e-05,0.05298593646860181,0.07058274012889602,0.012605596855904087,0.007862266026881176,0.03606021709696784,0.08753081465077406,0.06499791932252295,9
289,Beattie,9,8,longap,0.00014430261015591008,0.09899723172797487,6.999113844241731e-06,0.06030415825198307,0.07111763027855199,0.008908855085317833,0.014677300867900207,0.03923530192465105,0.0381,0.15673747257421508,9
290,Beattie,9,8,hhbrute3gstep,0.0002261224906513971,0.06989511608244416,3.470168300193112e-05,0.05454964569180088,0.08705208819238877,0.008875078699716548,0.0051413341841922144,0.031614332134193276,0.1524,0.032858560206400524,9
291,Beattie,9,8,hhbrute3gstep,0.00022687589968891224,0.06757980542798589,3.046016783833763e-05,0.058663871469915335,0.08963224522546721,0.010160989037876125,0.0026334043074076542,0.027135516218301015,0.3048,0.05519458897999059,9
292,Beattie,9,8,hhbrute3gstep,0.00022830489674475368,0.06595380600403256,2.8947925934178813e-05,0.06055103718765539,0.09334094439374853,0.010747124933671033,0.001358928124678333,0.0253884818020025,0.6096,0.06762228089931102,9
293,Beattie,9,8,hhbrute3gstep,0.00022101683979526272,0.07460575214796185,3.6961686158759145e-05,0.05066216109847931,0.0789063827531359,0.009004880196803561,0.008304772579092892,0.035993249323347874,0.08753081465077406,0.07690434899141256,9
294,Beattie,9,8,hhbrute3gstep,0.00017925270640454664,0.09142292960439027,3.0089049003506506e-05,0.047864682436663114,0.04936687146450856,0.014633816318851085,0.015057048617167201,0.0444450949111623,0.0381,0.1829469184016756,9
295,Beattie,9,8,wangbrute3gstep,0.00022505778813827976,0.06997263305281597,3.4509382660876955e-05,0.05456673785709207,0.0862009884020943,0.008983032674941776,0.0050837474262238,0.03153148527749663,0.1524,0.030637488007455773,9
296,Beattie,9,8,wangbrute3gstep,0.00034435564382904153,0.05953819301237714,3.4178863076637926e-05,0.05752505393652694,0.08899225131482247,0.00968254984223475,0.002714934725229191,0.02684346855828406,0.3048,0.06198813745467589,9
297,Beattie,9,8,wangbrute3gstep,0.0003802888696398501,0.05685801969408754,3.326415042660135e-05,0.059152607132665014,0.09473586796969755,0.01027997007067412,0.001440683388810228,0.024823721053307997,0.6096,0.07909059334264563,9
298,Beattie,9,8,wangbrute3gstep,8.132866643841593e-05,0.09317047008003584,2.7240442780712787e-05,0.05330386931750283,0.07891569989585294,0.009733268546117306,0.007590837101751988,0.036872915974602634,0.08753081465077406,0.0929312433875025,9
299,Beattie,9,8,wangbrute3gstep,7.693930328225341e-05,0.09375643281581547,9.370292746588938e-06,0.05810613843571222,0.04933861581073074,0.013257907384193857,0.010731843500349648,0.05606221976106612,0.0381,0.23718198359992965,9
