,well,fitting_protocol,validation_protocol,score,p1,p2,p3,p4,p5,p6,p7,p8,Gkr,RMSE
0,6,hhbrute3gstep,hhbrute3gstep,0.09413929354411656,0.0016139315198997351,0.07268807170540346,1.9285665672299857e-05,0.05218995088796832,0.11016705021627683,0.02312148055494438,0.008878724459878072,0.029500002872701877,0.15307438061243733,0.09413929354411656
1,6,wangbrute3gstep,hhbrute3gstep,0.12238485385893964,0.001954251599217304,0.054126629408832165,2.971124923270284e-05,0.04873727739506916,0.09611522870455476,0.023037707237925028,0.0068824182698000525,0.03141572780029609,0.1575937439850291,0.12238485385893964
2,6,longap,hhbrute3gstep,0.26312337948482367,0.0009435127702473829,0.08406039047195338,4.9866193268019935e-05,0.04438340547646518,0.10723073987732577,0.0193982292498589,0.008158324162027691,0.029495860700161632,0.1608797083099613,0.26312337948482367
3,6,spacefill19,hhbrute3gstep,0.17127695387901593,0.001688563480549072,0.03682998364928558,4.280394931028446e-05,0.04594816036821972,0.09340991756796803,0.0217596954200893,0.00737543568662725,0.02970321014556958,0.16355738374154738,0.17127695387901593
4,6,staircaseramp1,hhbrute3gstep,0.10312883965415183,0.0016841844591581703,0.08428140952482513,2.210164497000639e-05,0.05117898808710845,0.12151656856548712,0.026755629959132603,0.008898914899430684,0.028912238883806594,0.15434316605091045,0.10312883965415183
5,6,sis,hhbrute3gstep,0.10199089767306678,0.0015658065467232503,0.0791371826620743,2.2267394408104658e-05,0.05114788114927614,0.09590406944556355,0.02390644515770214,0.007059670148491882,0.031358806612425696,0.1546327181952137,0.10199089767306678
6,2,hhbrute3gstep,hhbrute3gstep,0.09412385549581265,0.001613359057715953,0.07262033814028455,1.9287149193857833e-05,0.05218900188246402,0.11015282295419158,0.023114877112451214,0.008875178573399563,0.02950053870530158,0.15310929344824534,0.09412385549581265
7,2,wangbrute3gstep,hhbrute3gstep,0.12220752534226477,0.0019546403769779295,0.054154891487975865,2.9656063672582108e-05,0.048755095200035334,0.09615630225309126,0.023040571059065935,0.006883632380109488,0.0314090286773663,0.15762847317276313,0.12220752534226477
8,2,longap,hhbrute3gstep,0.26269848379771904,0.000938739663295058,0.08424753805590456,4.986264409870215e-05,0.04438440874147487,0.10701133043090627,0.019475298581066523,0.008142070180643245,0.029478250564690306,0.16085389971949277,0.26269848379771904
9,2,spacefill19,hhbrute3gstep,0.1710600962616301,0.001687420128792609,0.036841673820768674,4.2800287909565516e-05,0.04595109956829706,0.09338848861858073,0.02176585961261377,0.007375262028008507,0.029698198859308796,0.1635673688533898,0.1710600962616301
10,2,staircaseramp1,hhbrute3gstep,0.10321162023612471,0.0016847318510351682,0.08433059496703166,2.2102155453771742e-05,0.05117721432945049,0.12160040383125727,0.02677828574659539,0.008907770183109497,0.028910381257145432,0.15428993726526938,0.10321162023612471
11,2,sis,hhbrute3gstep,0.102029203382685,0.0015652263343232308,0.07912979752671886,2.2319753155173025e-05,0.051122296294794124,0.0958581118665454,0.023915386578244265,0.00705598661334447,0.031370896298311975,0.15457835455294594,0.102029203382685
12,1,hhbrute3gstep,hhbrute3gstep,0.09418633372520563,0.0016124261628884147,0.07267757783539519,1.9267362569023e-05,0.05219797118283134,0.11027566546618002,0.023107405962919686,0.008890168984726264,0.029494866944119024,0.15309253049445076,0.09418633372520563
13,1,wangbrute3gstep,hhbrute3gstep,0.12244967089655559,0.0019543448906456395,0.05412165274962088,2.9672043464162164e-05,0.048750571277965705,0.09613265988669457,0.023052985942951295,0.006883293173685312,0.03139825775344299,0.1575989179537307,0.12244967089655559
14,1,longap,hhbrute3gstep,0.263368684026389,0.0009408475817375879,0.08415909966537112,5.0255155945498735e-05,0.04431211864694375,0.10687634837450483,0.019447027798183733,0.008143188597382837,0.029502756287127372,0.16074939053373744,0.263368684026389
15,1,spacefill19,hhbrute3gstep,0.17122578549297335,0.0016872992224870817,0.03684719130065946,4.288836376423459e-05,0.04593281727133953,0.09336122281911381,0.021768451318392567,0.007373561594482069,0.02969834570709913,0.16358414691531747,0.17122578549297335
16,1,staircaseramp1,hhbrute3gstep,0.10327093240704878,0.0016838403849170221,0.08427574459431324,2.213531646814283e-05,0.051170724241054205,0.12151182697997985,0.02677468622601403,0.00889983776598761,0.028912294016540625,0.1543238387755224,0.10327093240704878
17,1,sis,hhbrute3gstep,0.10210393126994079,0.0015639083655326048,0.07910599169593746,2.2326652041586214e-05,0.05112574419006279,0.09589958888838936,0.023899270112066735,0.007059064531453358,0.03137999059254175,0.15461166955763414,0.10210393126994079
18,7,hhbrute3gstep,hhbrute3gstep,0.09407475046338074,0.0016140171156030483,0.07266474436301737,1.927955849826808e-05,0.05219566794372966,0.1102145134582941,0.02310786149102074,0.008877230808492953,0.029496948457596508,0.15315129224024462,0.09407475046338074
19,7,wangbrute3gstep,hhbrute3gstep,0.1222002707698999,0.0019548049818371794,0.0541843593908586,2.9710104649241043e-05,0.04873963780592009,0.09615811653090187,0.023043855898755846,0.006880842270118271,0.03141715323630917,0.15763641266142106,0.1222002707698999
20,7,longap,hhbrute3gstep,0.26371481247944023,0.0009399410266126859,0.08419663912141458,5.007677015457962e-05,0.044341196701034286,0.10692145299469356,0.019428546270853147,0.008139064126166719,0.029483536269816556,0.16078928985578542,0.26371481247944023
21,7,spacefill19,hhbrute3gstep,0.1711939612688421,0.0016895808886348278,0.03684993935988079,4.2792841133158967e-05,0.04595392616564455,0.09341414880124892,0.021764717571842538,0.007378440748006644,0.029693774214157122,0.16357039356692568,0.1711939612688421
22,7,staircaseramp1,hhbrute3gstep,0.10313421649143982,0.0016824443164684762,0.08428226466518944,2.21076583368737e-05,0.05118156442930678,0.12165969038544311,0.026761324322583744,0.008911879516446992,0.028909024358045744,0.15431628482623203,0.10313421649143982
23,7,sis,hhbrute3gstep,0.1019147877862553,0.001564036216912583,0.07905629075320794,2.2275594134865105e-05,0.05113790537038639,0.09587667495782716,0.02389227882802645,0.007056283267791377,0.031395100692529196,0.15456345157810616,0.1019147877862553
24,0,hhbrute3gstep,hhbrute3gstep,0.09415095930743714,0.001612745142613367,0.07266444897004798,1.9291349824641462e-05,0.0521898049725677,0.11015497952585807,0.023110544464200057,0.00887737072285832,0.029501151113157417,0.15311819174867994,0.09415095930743714
25,0,wangbrute3gstep,hhbrute3gstep,0.1223125237411746,0.0019560339804796773,0.054224027273279046,2.9694702912270684e-05,0.048744530051616566,0.09624789158458684,0.023056524815968264,0.006886259310577637,0.03140303675136039,0.15762134331014183,0.1223125237411746
26,0,longap,hhbrute3gstep,0.26322643021765585,0.0009476577129222895,0.08389316873713268,5.025821670807883e-05,0.04431711191864753,0.1069202893664613,0.01942669772880505,0.00813259916714973,0.029493709934951855,0.16092596408499404,0.26322643021765585
27,0,spacefill19,hhbrute3gstep,0.17110814654112314,0.001687314816069231,0.03685261655185545,4.272684830101196e-05,0.045965596300970274,0.09342675527115131,0.02175780049817576,0.007377401196952142,0.029699638827716528,0.1635661887416192,0.17110814654112314
28,0,staircaseramp1,hhbrute3gstep,0.10319410546248714,0.0016831435729334693,0.08423598991455986,2.209610994913527e-05,0.051191792490561536,0.12164894653546889,0.026759560536672316,0.008904209289080874,0.028901116409533467,0.1544241260495896,0.10319410546248714
29,0,sis,hhbrute3gstep,0.10204605820883142,0.0015650428179960311,0.07917417737043074,2.2290959146736496e-05,0.051134732710429016,0.0959099282670515,0.02389444156519449,0.0070628127245406375,0.03137924839126557,0.1545519749392899,0.10204605820883142
30,3,hhbrute3gstep,hhbrute3gstep,0.09416718926937974,0.0016128899476087477,0.07267638688982073,1.9263602362418305e-05,0.05219946369132678,0.11021899556290006,0.023109897663973672,0.008884891210433031,0.029493666078488148,0.15309676640312506,0.09416718926937974
31,3,wangbrute3gstep,hhbrute3gstep,0.12244385702609079,0.0019568945756498935,0.05418561465774364,2.9730736089828066e-05,0.048731029092691655,0.09623850965267879,0.02305130879203659,0.006887398851488001,0.03141481766686369,0.1576023351135931,0.12244385702609079
32,3,longap,hhbrute3gstep,0.2632656586794125,0.0009444767890119121,0.08407126735547223,5.0046046460385935e-05,0.04435293486214234,0.10702045910751301,0.019428263347916884,0.008141206045478414,0.029490081306761128,0.16086412622272814,0.2632656586794125
33,3,spacefill19,hhbrute3gstep,0.1710877753636433,0.0016875263104415468,0.03686744618439261,4.273087168749286e-05,0.04596532129776568,0.09343447229275954,0.021759297973620945,0.007381503349263527,0.029698193518249483,0.16355836673342378,0.1710877753636433
34,3,staircaseramp1,hhbrute3gstep,0.10319444505460142,0.0016834954597790815,0.08429312409240393,2.209633713963004e-05,0.051190264298301064,0.12129455175613138,0.026745044970522772,0.00887928938130142,0.028920343693326488,0.15440031925379522,0.10319444505460142
35,3,sis,hhbrute3gstep,0.10208962627800923,0.0015651013628864697,0.07914388157430859,2.229144792877356e-05,0.051135806631833355,0.09588803506439379,0.02388583860357386,0.007060176522973125,0.031386407052496845,0.1545871333316154,0.10208962627800923
36,5,hhbrute3gstep,hhbrute3gstep,0.09412240643832966,0.0016137014369481562,0.07266764666492821,1.92982843808301e-05,0.052184552307174635,0.1101190909539338,0.02312124329446907,0.008874647785575507,0.029500009049909258,0.15308688857392008,0.09412240643832966
37,5,wangbrute3gstep,hhbrute3gstep,0.12233493950427253,0.0019572303556258308,0.054188743299513,2.968826070210808e-05,0.04874741602788285,0.096238333155183,0.02304591022031638,0.006891394482928254,0.03139023293152776,0.15763226863261784,0.12233493950427253
38,5,longap,hhbrute3gstep,0.26319421961654704,0.0009406563511754573,0.08417337350879484,4.987910823386422e-05,0.044376368941142115,0.10719090503384654,0.019410207563184085,0.008162519730231401,0.029493617002997248,0.16080121124186503,0.26319421961654704
39,5,spacefill19,hhbrute3gstep,0.17116490783784927,0.0016885128450883074,0.03686794498172172,4.280816095366299e-05,0.04595217587256172,0.09343241134089976,0.021753569530281118,0.007380210159403546,0.02968431112590713,0.16361181803681193,0.17116490783784927
40,5,staircaseramp1,hhbrute3gstep,0.10319284432726236,0.001681848969949146,0.08431182541836435,2.214948637422153e-05,0.05116965763163571,0.12129134592367648,0.02676764604881869,0.008883304067440315,0.028920249024409074,0.15435241784911857,0.10319284432726236
41,5,sis,hhbrute3gstep,0.10198587323422745,0.0015649809149301686,0.07913915729788391,2.2329200344376423e-05,0.05111750735632545,0.09592821461686774,0.023901735024675456,0.007066092072564336,0.03138149236713878,0.15451877729598762,0.10198587323422745
42,9,hhbrute3gstep,hhbrute3gstep,0.09414653064355752,0.0016116900719960268,0.07265643332257128,1.928892018114764e-05,0.05218892238900485,0.11023382536944168,0.02310024754679284,0.008884842362406145,0.02950648880206495,0.15312271624196194,0.09414653064355752
43,9,wangbrute3gstep,hhbrute3gstep,0.1225100716196703,0.0019559496273275087,0.05410638035564322,2.9667934817759642e-05,0.048753266171288764,0.09611672694511658,0.023043605367416134,0.006878249696291867,0.03141799267552572,0.15761240011362365,0.1225100716196703
44,9,longap,hhbrute3gstep,0.2628325243631449,0.0009426249442722503,0.08408102140827721,4.9965043370537136e-05,0.04436569046893522,0.10700510848614439,0.019438633249234054,0.008147147457484192,0.029506432928883206,0.1607448229241514,0.2628325243631449
45,9,spacefill19,hhbrute3gstep,0.17131850014010486,0.0016877657737956785,0.03682024648191871,4.277815212792843e-05,0.0459547176434823,0.09339537486860668,0.021760029751567427,0.007376666784956894,0.029705085578602537,0.1635616723482068,0.17131850014010486
46,9,staircaseramp1,hhbrute3gstep,0.10327005768203472,0.001686299637569834,0.08439648317755157,2.2078913507836837e-05,0.05118947792555595,0.12198270418361835,0.026791469312940314,0.008934632298928274,0.028867054166134897,0.15434566497793362,0.10327005768203472
47,9,sis,hhbrute3gstep,0.10205202383142643,0.0015660067352506514,0.0791337128758321,2.2307278098330936e-05,0.05113407688572487,0.09586462626589164,0.023917336063861296,0.0070538938379688275,0.03136944607416954,0.15460739281017327,0.10205202383142643
48,8,hhbrute3gstep,hhbrute3gstep,0.09423085097056257,0.001612955777388901,0.07264678247015215,1.9253209013933416e-05,0.05220296935559749,0.11017452661015059,0.023103091572928107,0.008881739865145347,0.029501939168695472,0.15307511274011742,0.09423085097056257
49,8,wangbrute3gstep,hhbrute3gstep,0.1223577971152795,0.0019547547283266667,0.05419998431392185,2.9718889324209146e-05,0.04873750652498315,0.09622591667635451,0.02305836404781126,0.006885853353355626,0.03140712853710401,0.15762815472119796,0.1223577971152795
50,8,longap,hhbrute3gstep,0.26405479789105835,0.0009445598335596528,0.08409389067004797,5.021244880666217e-05,0.04431596940085531,0.10715692867571862,0.019399557866156568,0.00815572308443302,0.02950810336768637,0.16076303842773737,0.26405479789105835
51,8,spacefill19,hhbrute3gstep,0.17149529923414356,0.0016895957338688905,0.03682758298288772,4.291537962883788e-05,0.045929338458730186,0.0934060151888236,0.02176431410059644,0.00737754118551318,0.029687488652100313,0.16361747837386847,0.17149529923414356
52,8,staircaseramp1,hhbrute3gstep,0.1033139854420967,0.0016840989989913538,0.08423293684740511,2.21354278234382e-05,0.05117441673299293,0.12141556704055505,0.026755884059402924,0.008891069541194768,0.02892487882972351,0.15434451102037167,0.1033139854420967
53,8,sis,hhbrute3gstep,0.10210822267587046,0.0015648013721039189,0.07908405448933355,2.2310360077081174e-05,0.051124929910890946,0.0958716795901176,0.023900670185319224,0.007058642196566177,0.031383193175653676,0.1545579191683601,0.10210822267587046
54,4,hhbrute3gstep,hhbrute3gstep,0.09415370559330753,0.0016135631040505264,0.07264923416038674,1.928002956506292e-05,0.05219105958325148,0.11020086147935362,0.023114437285560355,0.008883209968391608,0.029495893914689656,0.15308202342304802,0.09415370559330753
55,4,wangbrute3gstep,hhbrute3gstep,0.12236243217029646,0.001954450386961662,0.054138306896656094,2.9720681738418837e-05,0.04873571637568829,0.09618386699677368,0.023044208111708788,0.006883385844082161,0.03141687234939503,0.15763466071786428,0.12236243217029646
56,4,longap,hhbrute3gstep,0.26318288209599827,0.0009461801448782444,0.08397352111132925,5.0014198631332966e-05,0.044356820146621526,0.10702042993082461,0.019418488090329165,0.00814331729297702,0.029488547851925444,0.16083299281515454,0.26318288209599827
57,4,spacefill19,hhbrute3gstep,0.1713578779743445,0.0016902312911178951,0.036836803094331044,4.286330471092419e-05,0.04593830686701283,0.09344993449618731,0.021753970685878976,0.007379880185016223,0.029704606371378606,0.1635738998519604,0.1713578779743445
58,4,staircaseramp1,hhbrute3gstep,0.10330440332333378,0.0016848248838045566,0.08429349965493113,2.213216073754637e-05,0.05117283145471891,0.12173765474939996,0.026786236934102536,0.008910375828541194,0.02889781902059579,0.15438616189907664,0.10330440332333378
59,4,sis,hhbrute3gstep,0.10207130565009903,0.0015639628244176358,0.07906820134328921,2.2323987631102727e-05,0.05112307679691743,0.09588177614208647,0.023895675017155213,0.007055366786812931,0.03137947619141833,0.15464139129545748,0.10207130565009903
60,6,hhbrute3gstep,longap,0.12115385110222385,0.0016139315198997351,0.07268807170540346,1.9285665672299857e-05,0.05218995088796832,0.11016705021627683,0.02312148055494438,0.008878724459878072,0.029500002872701877,0.15307438061243733,0.12115385110222385
61,6,wangbrute3gstep,longap,0.10453556618564358,0.001954251599217304,0.054126629408832165,2.971124923270284e-05,0.04873727739506916,0.09611522870455476,0.023037707237925028,0.0068824182698000525,0.03141572780029609,0.1575937439850291,0.10453556618564358
62,6,longap,longap,0.07844880371574989,0.0009435127702473829,0.08406039047195338,4.9866193268019935e-05,0.04438340547646518,0.10723073987732577,0.0193982292498589,0.008158324162027691,0.029495860700161632,0.1608797083099613,0.07844880371574989
63,6,spacefill19,longap,0.09437893169507809,0.001688563480549072,0.03682998364928558,4.280394931028446e-05,0.04594816036821972,0.09340991756796803,0.0217596954200893,0.00737543568662725,0.02970321014556958,0.16355738374154738,0.09437893169507809
64,6,staircaseramp1,longap,0.1434232224376481,0.0016841844591581703,0.08428140952482513,2.210164497000639e-05,0.05117898808710845,0.12151656856548712,0.026755629959132603,0.008898914899430684,0.028912238883806594,0.15434316605091045,0.1434232224376481
65,6,sis,longap,0.13664273595344742,0.0015658065467232503,0.0791371826620743,2.2267394408104658e-05,0.05114788114927614,0.09590406944556355,0.02390644515770214,0.007059670148491882,0.031358806612425696,0.1546327181952137,0.13664273595344742
66,2,hhbrute3gstep,longap,0.12093417621136202,0.001613359057715953,0.07262033814028455,1.9287149193857833e-05,0.05218900188246402,0.11015282295419158,0.023114877112451214,0.008875178573399563,0.02950053870530158,0.15310929344824534,0.12093417621136202
67,2,wangbrute3gstep,longap,0.10453890684949485,0.0019546403769779295,0.054154891487975865,2.9656063672582108e-05,0.048755095200035334,0.09615630225309126,0.023040571059065935,0.006883632380109488,0.0314090286773663,0.15762847317276313,0.10453890684949485
68,2,longap,longap,0.07851648063209897,0.000938739663295058,0.08424753805590456,4.986264409870215e-05,0.04438440874147487,0.10701133043090627,0.019475298581066523,0.008142070180643245,0.029478250564690306,0.16085389971949277,0.07851648063209897
69,2,spacefill19,longap,0.09443476673206654,0.001687420128792609,0.036841673820768674,4.2800287909565516e-05,0.04595109956829706,0.09338848861858073,0.02176585961261377,0.007375262028008507,0.029698198859308796,0.1635673688533898,0.09443476673206654
70,2,staircaseramp1,longap,0.143540091771359,0.0016847318510351682,0.08433059496703166,2.2102155453771742e-05,0.05117721432945049,0.12160040383125727,0.02677828574659539,0.008907770183109497,0.028910381257145432,0.15428993726526938,0.143540091771359
71,2,sis,longap,0.13643705853351087,0.0015652263343232308,0.07912979752671886,2.2319753155173025e-05,0.051122296294794124,0.0958581118665454,0.023915386578244265,0.00705598661334447,0.031370896298311975,0.15457835455294594,0.13643705853351087
72,1,hhbrute3gstep,longap,0.12106583884562222,0.0016124261628884147,0.07267757783539519,1.9267362569023e-05,0.05219797118283134,0.11027566546618002,0.023107405962919686,0.008890168984726264,0.029494866944119024,0.15309253049445076,0.12106583884562222
73,1,wangbrute3gstep,longap,0.10449117258820607,0.0019543448906456395,0.05412165274962088,2.9672043464162164e-05,0.048750571277965705,0.09613265988669457,0.023052985942951295,0.006883293173685312,0.03139825775344299,0.1575989179537307,0.10449117258820607
74,1,longap,longap,0.07850329938110148,0.0009408475817375879,0.08415909966537112,5.0255155945498735e-05,0.04431211864694375,0.10687634837450483,0.019447027798183733,0.008143188597382837,0.029502756287127372,0.16074939053373744,0.07850329938110148
75,1,spacefill19,longap,0.09442361262208228,0.0016872992224870817,0.03684719130065946,4.288836376423459e-05,0.04593281727133953,0.09336122281911381,0.021768451318392567,0.007373561594482069,0.02969834570709913,0.16358414691531747,0.09442361262208228
76,1,staircaseramp1,longap,0.1434879710244868,0.0016838403849170221,0.08427574459431324,2.213531646814283e-05,0.051170724241054205,0.12151182697997985,0.02677468622601403,0.00889983776598761,0.028912294016540625,0.1543238387755224,0.1434879710244868
77,1,sis,longap,0.13636927444663965,0.0015639083655326048,0.07910599169593746,2.2326652041586214e-05,0.05112574419006279,0.09589958888838936,0.023899270112066735,0.007059064531453358,0.03137999059254175,0.15461166955763414,0.13636927444663965
78,7,hhbrute3gstep,longap,0.12128717449491856,0.0016140171156030483,0.07266474436301737,1.927955849826808e-05,0.05219566794372966,0.1102145134582941,0.02310786149102074,0.008877230808492953,0.029496948457596508,0.15315129224024462,0.12128717449491856
79,7,wangbrute3gstep,longap,0.10474880721131745,0.0019548049818371794,0.0541843593908586,2.9710104649241043e-05,0.04873963780592009,0.09615811653090187,0.023043855898755846,0.006880842270118271,0.03141715323630917,0.15763641266142106,0.10474880721131745
80,7,longap,longap,0.07850671273406272,0.0009399410266126859,0.08419663912141458,5.007677015457962e-05,0.044341196701034286,0.10692145299469356,0.019428546270853147,0.008139064126166719,0.029483536269816556,0.16078928985578542,0.07850671273406272
81,7,spacefill19,longap,0.09442635113849675,0.0016895808886348278,0.03684993935988079,4.2792841133158967e-05,0.04595392616564455,0.09341414880124892,0.021764717571842538,0.007378440748006644,0.029693774214157122,0.16357039356692568,0.09442635113849675
82,7,staircaseramp1,longap,0.14361742963772883,0.0016824443164684762,0.08428226466518944,2.21076583368737e-05,0.05118156442930678,0.12165969038544311,0.026761324322583744,0.008911879516446992,0.028909024358045744,0.15431628482623203,0.14361742963772883
83,7,sis,longap,0.13650081175530474,0.001564036216912583,0.07905629075320794,2.2275594134865105e-05,0.05113790537038639,0.09587667495782716,0.02389227882802645,0.007056283267791377,0.031395100692529196,0.15456345157810616,0.13650081175530474
84,0,hhbrute3gstep,longap,0.12091763658800059,0.001612745142613367,0.07266444897004798,1.9291349824641462e-05,0.0521898049725677,0.11015497952585807,0.023110544464200057,0.00887737072285832,0.029501151113157417,0.15311819174867994,0.12091763658800059
85,0,wangbrute3gstep,longap,0.104336047901888,0.0019560339804796773,0.054224027273279046,2.9694702912270684e-05,0.048744530051616566,0.09624789158458684,0.023056524815968264,0.006886259310577637,0.03140303675136039,0.15762134331014183,0.104336047901888
86,0,longap,longap,0.0782767208784614,0.0009476577129222895,0.08389316873713268,5.025821670807883e-05,0.04431711191864753,0.1069202893664613,0.01942669772880505,0.00813259916714973,0.029493709934951855,0.16092596408499404,0.0782767208784614
87,0,spacefill19,longap,0.09416127280845457,0.001687314816069231,0.03685261655185545,4.272684830101196e-05,0.045965596300970274,0.09342675527115131,0.02175780049817576,0.007377401196952142,0.029699638827716528,0.1635661887416192,0.09416127280845457
88,0,staircaseramp1,longap,0.1432374015870455,0.0016831435729334693,0.08423598991455986,2.209610994913527e-05,0.051191792490561536,0.12164894653546889,0.026759560536672316,0.008904209289080874,0.028901116409533467,0.1544241260495896,0.1432374015870455
89,0,sis,longap,0.1363763435907157,0.0015650428179960311,0.07917417737043074,2.2290959146736496e-05,0.051134732710429016,0.0959099282670515,0.02389444156519449,0.0070628127245406375,0.03137924839126557,0.1545519749392899,0.1363763435907157
90,3,hhbrute3gstep,longap,0.12105452279412364,0.0016128899476087477,0.07267638688982073,1.9263602362418305e-05,0.05219946369132678,0.11021899556290006,0.023109897663973672,0.008884891210433031,0.029493666078488148,0.15309676640312506,0.12105452279412364
91,3,wangbrute3gstep,longap,0.10456228459740956,0.0019568945756498935,0.05418561465774364,2.9730736089828066e-05,0.048731029092691655,0.09623850965267879,0.02305130879203659,0.006887398851488001,0.03141481766686369,0.1576023351135931,0.10456228459740956
92,3,longap,longap,0.07853652421670954,0.0009444767890119121,0.08407126735547223,5.0046046460385935e-05,0.04435293486214234,0.10702045910751301,0.019428263347916884,0.008141206045478414,0.029490081306761128,0.16086412622272814,0.07853652421670954
93,3,spacefill19,longap,0.09438899201664229,0.0016875263104415468,0.03686744618439261,4.273087168749286e-05,0.04596532129776568,0.09343447229275954,0.021759297973620945,0.007381503349263527,0.029698193518249483,0.16355836673342378,0.09438899201664229
94,3,staircaseramp1,longap,0.14333767946719075,0.0016834954597790815,0.08429312409240393,2.209633713963004e-05,0.051190264298301064,0.12129455175613138,0.026745044970522772,0.00887928938130142,0.028920343693326488,0.15440031925379522,0.14333767946719075
95,3,sis,longap,0.13653297185899974,0.0015651013628864697,0.07914388157430859,2.229144792877356e-05,0.051135806631833355,0.09588803506439379,0.02388583860357386,0.007060176522973125,0.031386407052496845,0.1545871333316154,0.13653297185899974
96,5,hhbrute3gstep,longap,0.1210237436581915,0.0016137014369481562,0.07266764666492821,1.92982843808301e-05,0.052184552307174635,0.1101190909539338,0.02312124329446907,0.008874647785575507,0.029500009049909258,0.15308688857392008,0.1210237436581915
97,5,wangbrute3gstep,longap,0.1045512347371441,0.0019572303556258308,0.054188743299513,2.968826070210808e-05,0.04874741602788285,0.096238333155183,0.02304591022031638,0.006891394482928254,0.03139023293152776,0.15763226863261784,0.1045512347371441
98,5,longap,longap,0.07833935197733793,0.0009406563511754573,0.08417337350879484,4.987910823386422e-05,0.044376368941142115,0.10719090503384654,0.019410207563184085,0.008162519730231401,0.029493617002997248,0.16080121124186503,0.07833935197733793
99,5,spacefill19,longap,0.09424225513622074,0.0016885128450883074,0.03686794498172172,4.280816095366299e-05,0.04595217587256172,0.09343241134089976,0.021753569530281118,0.007380210159403546,0.02968431112590713,0.16361181803681193,0.09424225513622074
100,5,staircaseramp1,longap,0.14333391037324747,0.001681848969949146,0.08431182541836435,2.214948637422153e-05,0.05116965763163571,0.12129134592367648,0.02676764604881869,0.008883304067440315,0.028920249024409074,0.15435241784911857,0.14333391037324747
101,5,sis,longap,0.13642372459535362,0.0015649809149301686,0.07913915729788391,2.2329200344376423e-05,0.05111750735632545,0.09592821461686774,0.023901735024675456,0.007066092072564336,0.03138149236713878,0.15451877729598762,0.13642372459535362
102,9,hhbrute3gstep,longap,0.12101354569590622,0.0016116900719960268,0.07265643332257128,1.928892018114764e-05,0.05218892238900485,0.11023382536944168,0.02310024754679284,0.008884842362406145,0.02950648880206495,0.15312271624196194,0.12101354569590622
103,9,wangbrute3gstep,longap,0.10456291231499291,0.0019559496273275087,0.05410638035564322,2.9667934817759642e-05,0.048753266171288764,0.09611672694511658,0.023043605367416134,0.006878249696291867,0.03141799267552572,0.15761240011362365,0.10456291231499291
104,9,longap,longap,0.07848617850002734,0.0009426249442722503,0.08408102140827721,4.9965043370537136e-05,0.04436569046893522,0.10700510848614439,0.019438633249234054,0.008147147457484192,0.029506432928883206,0.1607448229241514,0.07848617850002734
105,9,spacefill19,longap,0.09435823667875444,0.0016877657737956785,0.03682024648191871,4.277815212792843e-05,0.0459547176434823,0.09339537486860668,0.021760029751567427,0.007376666784956894,0.029705085578602537,0.1635616723482068,0.09435823667875444
106,9,staircaseramp1,longap,0.1437839053543313,0.001686299637569834,0.08439648317755157,2.2078913507836837e-05,0.05118947792555595,0.12198270418361835,0.026791469312940314,0.008934632298928274,0.028867054166134897,0.15434566497793362,0.1437839053543313
107,9,sis,longap,0.13653083623278206,0.0015660067352506514,0.0791337128758321,2.2307278098330936e-05,0.05113407688572487,0.09586462626589164,0.023917336063861296,0.0070538938379688275,0.03136944607416954,0.15460739281017327,0.13653083623278206
108,8,hhbrute3gstep,longap,0.12105290358973787,0.001612955777388901,0.07264678247015215,1.9253209013933416e-05,0.05220296935559749,0.11017452661015059,0.023103091572928107,0.008881739865145347,0.029501939168695472,0.15307511274011742,0.12105290358973787
109,8,wangbrute3gstep,longap,0.10459354420803559,0.0019547547283266667,0.05419998431392185,2.9718889324209146e-05,0.04873750652498315,0.09622591667635451,0.02305836404781126,0.006885853353355626,0.03140712853710401,0.15762815472119796,0.10459354420803559
110,8,longap,longap,0.07845343872062349,0.0009445598335596528,0.08409389067004797,5.021244880666217e-05,0.04431596940085531,0.10715692867571862,0.019399557866156568,0.00815572308443302,0.02950810336768637,0.16076303842773737,0.07845343872062349
111,8,spacefill19,longap,0.09445774729016414,0.0016895957338688905,0.03682758298288772,4.291537962883788e-05,0.045929338458730186,0.0934060151888236,0.02176431410059644,0.00737754118551318,0.029687488652100313,0.16361747837386847,0.09445774729016414
112,8,staircaseramp1,longap,0.14332611107020354,0.0016840989989913538,0.08423293684740511,2.21354278234382e-05,0.05117441673299293,0.12141556704055505,0.026755884059402924,0.008891069541194768,0.02892487882972351,0.15434451102037167,0.14332611107020354
113,8,sis,longap,0.13642778889673143,0.0015648013721039189,0.07908405448933355,2.2310360077081174e-05,0.051124929910890946,0.0958716795901176,0.023900670185319224,0.007058642196566177,0.031383193175653676,0.1545579191683601,0.13642778889673143
114,4,hhbrute3gstep,longap,0.12112464744572851,0.0016135631040505264,0.07264923416038674,1.928002956506292e-05,0.05219105958325148,0.11020086147935362,0.023114437285560355,0.008883209968391608,0.029495893914689656,0.15308202342304802,0.12112464744572851
115,4,wangbrute3gstep,longap,0.10457852946924562,0.001954450386961662,0.054138306896656094,2.9720681738418837e-05,0.04873571637568829,0.09618386699677368,0.023044208111708788,0.006883385844082161,0.03141687234939503,0.15763466071786428,0.10457852946924562
116,4,longap,longap,0.07856835412092823,0.0009461801448782444,0.08397352111132925,5.0014198631332966e-05,0.044356820146621526,0.10702042993082461,0.019418488090329165,0.00814331729297702,0.029488547851925444,0.16083299281515454,0.07856835412092823
117,4,spacefill19,longap,0.09447061378662194,0.0016902312911178951,0.036836803094331044,4.286330471092419e-05,0.04593830686701283,0.09344993449618731,0.021753970685878976,0.007379880185016223,0.029704606371378606,0.1635738998519604,0.09447061378662194
118,4,staircaseramp1,longap,0.14366701883413396,0.0016848248838045566,0.08429349965493113,2.213216073754637e-05,0.05117283145471891,0.12173765474939996,0.026786236934102536,0.008910375828541194,0.02889781902059579,0.15438616189907664,0.14366701883413396
119,4,sis,longap,0.13636347758883563,0.0015639628244176358,0.07906820134328921,2.2323987631102727e-05,0.05112307679691743,0.09588177614208647,0.023895675017155213,0.007055366786812931,0.03137947619141833,0.15464139129545748,0.13636347758883563
120,6,hhbrute3gstep,sis,0.0827396142965479,0.0016139315198997351,0.07268807170540346,1.9285665672299857e-05,0.05218995088796832,0.11016705021627683,0.02312148055494438,0.008878724459878072,0.029500002872701877,0.15307438061243733,0.0827396142965479
121,6,wangbrute3gstep,sis,0.13779868686359034,0.001954251599217304,0.054126629408832165,2.971124923270284e-05,0.04873727739506916,0.09611522870455476,0.023037707237925028,0.0068824182698000525,0.03141572780029609,0.1575937439850291,0.13779868686359034
122,6,longap,sis,0.19073841655229923,0.0009435127702473829,0.08406039047195338,4.9866193268019935e-05,0.04438340547646518,0.10723073987732577,0.0193982292498589,0.008158324162027691,0.029495860700161632,0.1608797083099613,0.19073841655229923
123,6,spacefill19,sis,0.21790899480539072,0.001688563480549072,0.03682998364928558,4.280394931028446e-05,0.04594816036821972,0.09340991756796803,0.0217596954200893,0.00737543568662725,0.02970321014556958,0.16355738374154738,0.21790899480539072
124,6,staircaseramp1,sis,0.08059975886475788,0.0016841844591581703,0.08428140952482513,2.210164497000639e-05,0.05117898808710845,0.12151656856548712,0.026755629959132603,0.008898914899430684,0.028912238883806594,0.15434316605091045,0.08059975886475788
125,6,sis,sis,0.06778924524918334,0.0015658065467232503,0.0791371826620743,2.2267394408104658e-05,0.05114788114927614,0.09590406944556355,0.02390644515770214,0.007059670148491882,0.031358806612425696,0.1546327181952137,0.06778924524918334
126,2,hhbrute3gstep,sis,0.08292435647654924,0.001613359057715953,0.07262033814028455,1.9287149193857833e-05,0.05218900188246402,0.11015282295419158,0.023114877112451214,0.008875178573399563,0.02950053870530158,0.15310929344824534,0.08292435647654924
127,2,wangbrute3gstep,sis,0.13777595915440885,0.0019546403769779295,0.054154891487975865,2.9656063672582108e-05,0.048755095200035334,0.09615630225309126,0.023040571059065935,0.006883632380109488,0.0314090286773663,0.15762847317276313,0.13777595915440885
128,2,longap,sis,0.19037498938588754,0.000938739663295058,0.08424753805590456,4.986264409870215e-05,0.04438440874147487,0.10701133043090627,0.019475298581066523,0.008142070180643245,0.029478250564690306,0.16085389971949277,0.19037498938588754
129,2,spacefill19,sis,0.21785653800918037,0.001687420128792609,0.036841673820768674,4.2800287909565516e-05,0.04595109956829706,0.09338848861858073,0.02176585961261377,0.007375262028008507,0.029698198859308796,0.1635673688533898,0.21785653800918037
130,2,staircaseramp1,sis,0.0807779913777651,0.0016847318510351682,0.08433059496703166,2.2102155453771742e-05,0.05117721432945049,0.12160040383125727,0.02677828574659539,0.008907770183109497,0.028910381257145432,0.15428993726526938,0.0807779913777651
131,2,sis,sis,0.06787776158559931,0.0015652263343232308,0.07912979752671886,2.2319753155173025e-05,0.051122296294794124,0.0958581118665454,0.023915386578244265,0.00705598661334447,0.031370896298311975,0.15457835455294594,0.06787776158559931
132,1,hhbrute3gstep,sis,0.08279386712722339,0.0016124261628884147,0.07267757783539519,1.9267362569023e-05,0.05219797118283134,0.11027566546618002,0.023107405962919686,0.008890168984726264,0.029494866944119024,0.15309253049445076,0.08279386712722339
133,1,wangbrute3gstep,sis,0.13781062451169931,0.0019543448906456395,0.05412165274962088,2.9672043464162164e-05,0.048750571277965705,0.09613265988669457,0.023052985942951295,0.006883293173685312,0.03139825775344299,0.1575989179537307,0.13781062451169931
134,1,longap,sis,0.1906862719793167,0.0009408475817375879,0.08415909966537112,5.0255155945498735e-05,0.04431211864694375,0.10687634837450483,0.019447027798183733,0.008143188597382837,0.029502756287127372,0.16074939053373744,0.1906862719793167
135,1,spacefill19,sis,0.21775918909026656,0.0016872992224870817,0.03684719130065946,4.288836376423459e-05,0.04593281727133953,0.09336122281911381,0.021768451318392567,0.007373561594482069,0.02969834570709913,0.16358414691531747,0.21775918909026656
136,1,staircaseramp1,sis,0.0805558452064024,0.0016838403849170221,0.08427574459431324,2.213531646814283e-05,0.051170724241054205,0.12151182697997985,0.02677468622601403,0.00889983776598761,0.028912294016540625,0.1543238387755224,0.0805558452064024
137,1,sis,sis,0.06767824934864622,0.0015639083655326048,0.07910599169593746,2.2326652041586214e-05,0.05112574419006279,0.09589958888838936,0.023899270112066735,0.007059064531453358,0.03137999059254175,0.15461166955763414,0.06767824934864622
138,7,hhbrute3gstep,sis,0.08271069133689592,0.0016140171156030483,0.07266474436301737,1.927955849826808e-05,0.05219566794372966,0.1102145134582941,0.02310786149102074,0.008877230808492953,0.029496948457596508,0.15315129224024462,0.08271069133689592
139,7,wangbrute3gstep,sis,0.13745439426019784,0.0019548049818371794,0.0541843593908586,2.9710104649241043e-05,0.04873963780592009,0.09615811653090187,0.023043855898755846,0.006880842270118271,0.03141715323630917,0.15763641266142106,0.13745439426019784
140,7,longap,sis,0.19117205437629425,0.0009399410266126859,0.08419663912141458,5.007677015457962e-05,0.044341196701034286,0.10692145299469356,0.019428546270853147,0.008139064126166719,0.029483536269816556,0.16078928985578542,0.19117205437629425
141,7,spacefill19,sis,0.21793254564184478,0.0016895808886348278,0.03684993935988079,4.2792841133158967e-05,0.04595392616564455,0.09341414880124892,0.021764717571842538,0.007378440748006644,0.029693774214157122,0.16357039356692568,0.21793254564184478
142,7,staircaseramp1,sis,0.08061114862128453,0.0016824443164684762,0.08428226466518944,2.21076583368737e-05,0.05118156442930678,0.12165969038544311,0.026761324322583744,0.008911879516446992,0.028909024358045744,0.15431628482623203,0.08061114862128453
143,7,sis,sis,0.0676594198536861,0.001564036216912583,0.07905629075320794,2.2275594134865105e-05,0.05113790537038639,0.09587667495782716,0.02389227882802645,0.007056283267791377,0.031395100692529196,0.15456345157810616,0.0676594198536861
144,0,hhbrute3gstep,sis,0.08264626157608856,0.001612745142613367,0.07266444897004798,1.9291349824641462e-05,0.0521898049725677,0.11015497952585807,0.023110544464200057,0.00887737072285832,0.029501151113157417,0.15311819174867994,0.08264626157608856
145,0,wangbrute3gstep,sis,0.13752947267458612,0.0019560339804796773,0.054224027273279046,2.9694702912270684e-05,0.048744530051616566,0.09624789158458684,0.023056524815968264,0.006886259310577637,0.03140303675136039,0.15762134331014183,0.13752947267458612
146,0,longap,sis,0.19036927443573715,0.0009476577129222895,0.08389316873713268,5.025821670807883e-05,0.04431711191864753,0.1069202893664613,0.01942669772880505,0.00813259916714973,0.029493709934951855,0.16092596408499404,0.19036927443573715
147,0,spacefill19,sis,0.21777362116414284,0.001687314816069231,0.03685261655185545,4.272684830101196e-05,0.045965596300970274,0.09342675527115131,0.02175780049817576,0.007377401196952142,0.029699638827716528,0.1635661887416192,0.21777362116414284
148,0,staircaseramp1,sis,0.08049257771857553,0.0016831435729334693,0.08423598991455986,2.209610994913527e-05,0.051191792490561536,0.12164894653546889,0.026759560536672316,0.008904209289080874,0.028901116409533467,0.1544241260495896,0.08049257771857553
149,0,sis,sis,0.06758473769060262,0.0015650428179960311,0.07917417737043074,2.2290959146736496e-05,0.051134732710429016,0.0959099282670515,0.02389444156519449,0.0070628127245406375,0.03137924839126557,0.1545519749392899,0.06758473769060262
150,3,hhbrute3gstep,sis,0.08276209033243041,0.0016128899476087477,0.07267638688982073,1.9263602362418305e-05,0.05219946369132678,0.11021899556290006,0.023109897663973672,0.008884891210433031,0.029493666078488148,0.15309676640312506,0.08276209033243041
151,3,wangbrute3gstep,sis,0.1377472527303186,0.0019568945756498935,0.05418561465774364,2.9730736089828066e-05,0.048731029092691655,0.09623850965267879,0.02305130879203659,0.006887398851488001,0.03141481766686369,0.1576023351135931,0.1377472527303186
152,3,longap,sis,0.19061723028283029,0.0009444767890119121,0.08407126735547223,5.0046046460385935e-05,0.04435293486214234,0.10702045910751301,0.019428263347916884,0.008141206045478414,0.029490081306761128,0.16086412622272814,0.19061723028283029
153,3,spacefill19,sis,0.2177192822124361,0.0016875263104415468,0.03686744618439261,4.273087168749286e-05,0.04596532129776568,0.09343447229275954,0.021759297973620945,0.007381503349263527,0.029698193518249483,0.16355836673342378,0.2177192822124361
154,3,staircaseramp1,sis,0.08039845678090433,0.0016834954597790815,0.08429312409240393,2.209633713963004e-05,0.051190264298301064,0.12129455175613138,0.026745044970522772,0.00887928938130142,0.028920343693326488,0.15440031925379522,0.08039845678090433
155,3,sis,sis,0.06769445268877136,0.0015651013628864697,0.07914388157430859,2.229144792877356e-05,0.051135806631833355,0.09588803506439379,0.02388583860357386,0.007060176522973125,0.031386407052496845,0.1545871333316154,0.06769445268877136
156,5,hhbrute3gstep,sis,0.08259414900102921,0.0016137014369481562,0.07266764666492821,1.92982843808301e-05,0.052184552307174635,0.1101190909539338,0.02312124329446907,0.008874647785575507,0.029500009049909258,0.15308688857392008,0.08259414900102921
157,5,wangbrute3gstep,sis,0.13769064712367013,0.0019572303556258308,0.054188743299513,2.968826070210808e-05,0.04874741602788285,0.096238333155183,0.02304591022031638,0.006891394482928254,0.03139023293152776,0.15763226863261784,0.13769064712367013
158,5,longap,sis,0.19056416421153935,0.0009406563511754573,0.08417337350879484,4.987910823386422e-05,0.044376368941142115,0.10719090503384654,0.019410207563184085,0.008162519730231401,0.029493617002997248,0.16080121124186503,0.19056416421153935
159,5,spacefill19,sis,0.21770852133138544,0.0016885128450883074,0.03686794498172172,4.280816095366299e-05,0.04595217587256172,0.09343241134089976,0.021753569530281118,0.007380210159403546,0.02968431112590713,0.16361181803681193,0.21770852133138544
160,5,staircaseramp1,sis,0.08028696193231133,0.001681848969949146,0.08431182541836435,2.214948637422153e-05,0.05116965763163571,0.12129134592367648,0.02676764604881869,0.008883304067440315,0.028920249024409074,0.15435241784911857,0.08028696193231133
161,5,sis,sis,0.0676071663086568,0.0015649809149301686,0.07913915729788391,2.2329200344376423e-05,0.05111750735632545,0.09592821461686774,0.023901735024675456,0.007066092072564336,0.03138149236713878,0.15451877729598762,0.0676071663086568
162,9,hhbrute3gstep,sis,0.08279778230788276,0.0016116900719960268,0.07265643332257128,1.928892018114764e-05,0.05218892238900485,0.11023382536944168,0.02310024754679284,0.008884842362406145,0.02950648880206495,0.15312271624196194,0.08279778230788276
163,9,wangbrute3gstep,sis,0.1379298048162596,0.0019559496273275087,0.05410638035564322,2.9667934817759642e-05,0.048753266171288764,0.09611672694511658,0.023043605367416134,0.006878249696291867,0.03141799267552572,0.15761240011362365,0.1379298048162596
164,9,longap,sis,0.19039617921596877,0.0009426249442722503,0.08408102140827721,4.9965043370537136e-05,0.04436569046893522,0.10700510848614439,0.019438633249234054,0.008147147457484192,0.029506432928883206,0.1607448229241514,0.19039617921596877
165,9,spacefill19,sis,0.21799566791280697,0.0016877657737956785,0.03682024648191871,4.277815212792843e-05,0.0459547176434823,0.09339537486860668,0.021760029751567427,0.007376666784956894,0.029705085578602537,0.1635616723482068,0.21799566791280697
166,9,staircaseramp1,sis,0.08084360153110683,0.001686299637569834,0.08439648317755157,2.2078913507836837e-05,0.05118947792555595,0.12198270418361835,0.026791469312940314,0.008934632298928274,0.028867054166134897,0.15434566497793362,0.08084360153110683
167,9,sis,sis,0.06767696753738131,0.0015660067352506514,0.0791337128758321,2.2307278098330936e-05,0.05113407688572487,0.09586462626589164,0.023917336063861296,0.0070538938379688275,0.03136944607416954,0.15460739281017327,0.06767696753738131
168,8,hhbrute3gstep,sis,0.08278072794011077,0.001612955777388901,0.07264678247015215,1.9253209013933416e-05,0.05220296935559749,0.11017452661015059,0.023103091572928107,0.008881739865145347,0.029501939168695472,0.15307511274011742,0.08278072794011077
169,8,wangbrute3gstep,sis,0.13743249579132394,0.0019547547283266667,0.05419998431392185,2.9718889324209146e-05,0.04873750652498315,0.09622591667635451,0.02305836404781126,0.006885853353355626,0.03140712853710401,0.15762815472119796,0.13743249579132394
170,8,longap,sis,0.1912610614384789,0.0009445598335596528,0.08409389067004797,5.021244880666217e-05,0.04431596940085531,0.10715692867571862,0.019399557866156568,0.00815572308443302,0.02950810336768637,0.16076303842773737,0.1912610614384789
171,8,spacefill19,sis,0.21809049595947239,0.0016895957338688905,0.03682758298288772,4.291537962883788e-05,0.045929338458730186,0.0934060151888236,0.02176431410059644,0.00737754118551318,0.029687488652100313,0.16361747837386847,0.21809049595947239
172,8,staircaseramp1,sis,0.08050681683895695,0.0016840989989913538,0.08423293684740511,2.21354278234382e-05,0.05117441673299293,0.12141556704055505,0.026755884059402924,0.008891069541194768,0.02892487882972351,0.15434451102037167,0.08050681683895695
173,8,sis,sis,0.06772224215027645,0.0015648013721039189,0.07908405448933355,2.2310360077081174e-05,0.051124929910890946,0.0958716795901176,0.023900670185319224,0.007058642196566177,0.031383193175653676,0.1545579191683601,0.06772224215027645
174,4,hhbrute3gstep,sis,0.08279444919781731,0.0016135631040505264,0.07264923416038674,1.928002956506292e-05,0.05219105958325148,0.11020086147935362,0.023114437285560355,0.008883209968391608,0.029495893914689656,0.15308202342304802,0.08279444919781731
175,4,wangbrute3gstep,sis,0.13765955275326494,0.001954450386961662,0.054138306896656094,2.9720681738418837e-05,0.04873571637568829,0.09618386699677368,0.023044208111708788,0.006883385844082161,0.03141687234939503,0.15763466071786428,0.13765955275326494
176,4,longap,sis,0.19049107944679808,0.0009461801448782444,0.08397352111132925,5.0014198631332966e-05,0.044356820146621526,0.10702042993082461,0.019418488090329165,0.00814331729297702,0.029488547851925444,0.16083299281515454,0.19049107944679808
177,4,spacefill19,sis,0.21801953545478994,0.0016902312911178951,0.036836803094331044,4.286330471092419e-05,0.04593830686701283,0.09344993449618731,0.021753970685878976,0.007379880185016223,0.029704606371378606,0.1635738998519604,0.21801953545478994
178,4,staircaseramp1,sis,0.08070925154095808,0.0016848248838045566,0.08429349965493113,2.213216073754637e-05,0.05117283145471891,0.12173765474939996,0.026786236934102536,0.008910375828541194,0.02889781902059579,0.15438616189907664,0.08070925154095808
179,4,sis,sis,0.06767714460675789,0.0015639628244176358,0.07906820134328921,2.2323987631102727e-05,0.05112307679691743,0.09588177614208647,0.023895675017155213,0.007055366786812931,0.03137947619141833,0.15464139129545748,0.06767714460675789
180,6,hhbrute3gstep,spacefill19,0.13898313118161354,0.0016139315198997351,0.07268807170540346,1.9285665672299857e-05,0.05218995088796832,0.11016705021627683,0.02312148055494438,0.008878724459878072,0.029500002872701877,0.15307438061243733,0.13898313118161354
181,6,wangbrute3gstep,spacefill19,0.1222956390066363,0.001954251599217304,0.054126629408832165,2.971124923270284e-05,0.04873727739506916,0.09611522870455476,0.023037707237925028,0.0068824182698000525,0.03141572780029609,0.1575937439850291,0.1222956390066363
182,6,longap,spacefill19,0.14194633146681726,0.0009435127702473829,0.08406039047195338,4.9866193268019935e-05,0.04438340547646518,0.10723073987732577,0.0193982292498589,0.008158324162027691,0.029495860700161632,0.1608797083099613,0.14194633146681726
183,6,spacefill19,spacefill19,0.09339923222744839,0.001688563480549072,0.03682998364928558,4.280394931028446e-05,0.04594816036821972,0.09340991756796803,0.0217596954200893,0.00737543568662725,0.02970321014556958,0.16355738374154738,0.09339923222744839
184,6,staircaseramp1,spacefill19,0.17167169488359532,0.0016841844591581703,0.08428140952482513,2.210164497000639e-05,0.05117898808710845,0.12151656856548712,0.026755629959132603,0.008898914899430684,0.028912238883806594,0.15434316605091045,0.17167169488359532
185,6,sis,spacefill19,0.1448980117788606,0.0015658065467232503,0.0791371826620743,2.2267394408104658e-05,0.05114788114927614,0.09590406944556355,0.02390644515770214,0.007059670148491882,0.031358806612425696,0.1546327181952137,0.1448980117788606
186,2,hhbrute3gstep,spacefill19,0.13894815786831458,0.001613359057715953,0.07262033814028455,1.9287149193857833e-05,0.05218900188246402,0.11015282295419158,0.023114877112451214,0.008875178573399563,0.02950053870530158,0.15310929344824534,0.13894815786831458
187,2,wangbrute3gstep,spacefill19,0.12243632355850737,0.0019546403769779295,0.054154891487975865,2.9656063672582108e-05,0.048755095200035334,0.09615630225309126,0.023040571059065935,0.006883632380109488,0.0314090286773663,0.15762847317276313,0.12243632355850737
188,2,longap,spacefill19,0.14151522003572373,0.000938739663295058,0.08424753805590456,4.986264409870215e-05,0.04438440874147487,0.10701133043090627,0.019475298581066523,0.008142070180643245,0.029478250564690306,0.16085389971949277,0.14151522003572373
189,2,spacefill19,spacefill19,0.09345826964736113,0.001687420128792609,0.036841673820768674,4.2800287909565516e-05,0.04595109956829706,0.09338848861858073,0.02176585961261377,0.007375262028008507,0.029698198859308796,0.1635673688533898,0.09345826964736113
190,2,staircaseramp1,spacefill19,0.17197411883580216,0.0016847318510351682,0.08433059496703166,2.2102155453771742e-05,0.05117721432945049,0.12160040383125727,0.02677828574659539,0.008907770183109497,0.028910381257145432,0.15428993726526938,0.17197411883580216
191,2,sis,spacefill19,0.14485168743544907,0.0015652263343232308,0.07912979752671886,2.2319753155173025e-05,0.051122296294794124,0.0958581118665454,0.023915386578244265,0.00705598661334447,0.031370896298311975,0.15457835455294594,0.14485168743544907
192,1,hhbrute3gstep,spacefill19,0.13906123724716574,0.0016124261628884147,0.07267757783539519,1.9267362569023e-05,0.05219797118283134,0.11027566546618002,0.023107405962919686,0.008890168984726264,0.029494866944119024,0.15309253049445076,0.13906123724716574
193,1,wangbrute3gstep,spacefill19,0.12235681967764854,0.0019543448906456395,0.05412165274962088,2.9672043464162164e-05,0.048750571277965705,0.09613265988669457,0.023052985942951295,0.006883293173685312,0.03139825775344299,0.1575989179537307,0.12235681967764854
194,1,longap,spacefill19,0.14190083598303607,0.0009408475817375879,0.08415909966537112,5.0255155945498735e-05,0.04431211864694375,0.10687634837450483,0.019447027798183733,0.008143188597382837,0.029502756287127372,0.16074939053373744,0.14190083598303607
195,1,spacefill19,spacefill19,0.09344518454858668,0.0016872992224870817,0.03684719130065946,4.288836376423459e-05,0.04593281727133953,0.09336122281911381,0.021768451318392567,0.007373561594482069,0.02969834570709913,0.16358414691531747,0.09344518454858668
196,1,staircaseramp1,spacefill19,0.17188229597637034,0.0016838403849170221,0.08427574459431324,2.213531646814283e-05,0.051170724241054205,0.12151182697997985,0.02677468622601403,0.00889983776598761,0.028912294016540625,0.1543238387755224,0.17188229597637034
197,1,sis,spacefill19,0.14485179265882203,0.0015639083655326048,0.07910599169593746,2.2326652041586214e-05,0.05112574419006279,0.09589958888838936,0.023899270112066735,0.007059064531453358,0.03137999059254175,0.15461166955763414,0.14485179265882203
198,7,hhbrute3gstep,spacefill19,0.13890594855125102,0.0016140171156030483,0.07266474436301737,1.927955849826808e-05,0.05219566794372966,0.1102145134582941,0.02310786149102074,0.008877230808492953,0.029496948457596508,0.15315129224024462,0.13890594855125102
199,7,wangbrute3gstep,spacefill19,0.12245018861882342,0.0019548049818371794,0.0541843593908586,2.9710104649241043e-05,0.04873963780592009,0.09615811653090187,0.023043855898755846,0.006880842270118271,0.03141715323630917,0.15763641266142106,0.12245018861882342
200,7,longap,spacefill19,0.14230315266770013,0.0009399410266126859,0.08419663912141458,5.007677015457962e-05,0.044341196701034286,0.10692145299469356,0.019428546270853147,0.008139064126166719,0.029483536269816556,0.16078928985578542,0.14230315266770013
201,7,spacefill19,spacefill19,0.09354420106343973,0.0016895808886348278,0.03684993935988079,4.2792841133158967e-05,0.04595392616564455,0.09341414880124892,0.021764717571842538,0.007378440748006644,0.029693774214157122,0.16357039356692568,0.09354420106343973
202,7,staircaseramp1,spacefill19,0.17179072801121165,0.0016824443164684762,0.08428226466518944,2.21076583368737e-05,0.05118156442930678,0.12165969038544311,0.026761324322583744,0.008911879516446992,0.028909024358045744,0.15431628482623203,0.17179072801121165
203,7,sis,spacefill19,0.14487454521595583,0.001564036216912583,0.07905629075320794,2.2275594134865105e-05,0.05113790537038639,0.09587667495782716,0.02389227882802645,0.007056283267791377,0.031395100692529196,0.15456345157810616,0.14487454521595583
204,0,hhbrute3gstep,spacefill19,0.13887990215871784,0.001612745142613367,0.07266444897004798,1.9291349824641462e-05,0.0521898049725677,0.11015497952585807,0.023110544464200057,0.00887737072285832,0.029501151113157417,0.15311819174867994,0.13887990215871784
205,0,wangbrute3gstep,spacefill19,0.1223120086296728,0.0019560339804796773,0.054224027273279046,2.9694702912270684e-05,0.048744530051616566,0.09624789158458684,0.023056524815968264,0.006886259310577637,0.03140303675136039,0.15762134331014183,0.1223120086296728
206,0,longap,spacefill19,0.1420213560947902,0.0009476577129222895,0.08389316873713268,5.025821670807883e-05,0.04431711191864753,0.1069202893664613,0.01942669772880505,0.00813259916714973,0.029493709934951855,0.16092596408499404,0.1420213560947902
207,0,spacefill19,spacefill19,0.09339989422878837,0.001687314816069231,0.03685261655185545,4.272684830101196e-05,0.045965596300970274,0.09342675527115131,0.02175780049817576,0.007377401196952142,0.029699638827716528,0.1635661887416192,0.09339989422878837
208,0,staircaseramp1,spacefill19,0.1717785326546186,0.0016831435729334693,0.08423598991455986,2.209610994913527e-05,0.051191792490561536,0.12164894653546889,0.026759560536672316,0.008904209289080874,0.028901116409533467,0.1544241260495896,0.1717785326546186
209,0,sis,spacefill19,0.14474085022672997,0.0015650428179960311,0.07917417737043074,2.2290959146736496e-05,0.051134732710429016,0.0959099282670515,0.02389444156519449,0.0070628127245406375,0.03137924839126557,0.1545519749392899,0.14474085022672997
210,3,hhbrute3gstep,spacefill19,0.13893716195723305,0.0016128899476087477,0.07267638688982073,1.9263602362418305e-05,0.05219946369132678,0.11021899556290006,0.023109897663973672,0.008884891210433031,0.029493666078488148,0.15309676640312506,0.13893716195723305
211,3,wangbrute3gstep,spacefill19,0.12240078119321848,0.0019568945756498935,0.05418561465774364,2.9730736089828066e-05,0.048731029092691655,0.09623850965267879,0.02305130879203659,0.006887398851488001,0.03141481766686369,0.1576023351135931,0.12240078119321848
212,3,longap,spacefill19,0.14224487301492394,0.0009444767890119121,0.08407126735547223,5.0046046460385935e-05,0.04435293486214234,0.10702045910751301,0.019428263347916884,0.008141206045478414,0.029490081306761128,0.16086412622272814,0.14224487301492394
213,3,spacefill19,spacefill19,0.09355495262199917,0.0016875263104415468,0.03686744618439261,4.273087168749286e-05,0.04596532129776568,0.09343447229275954,0.021759297973620945,0.007381503349263527,0.029698193518249483,0.16355836673342378,0.09355495262199917
214,3,staircaseramp1,spacefill19,0.17132185935619762,0.0016834954597790815,0.08429312409240393,2.209633713963004e-05,0.051190264298301064,0.12129455175613138,0.026745044970522772,0.00887928938130142,0.028920343693326488,0.15440031925379522,0.17132185935619762
215,3,sis,spacefill19,0.14487578056880232,0.0015651013628864697,0.07914388157430859,2.229144792877356e-05,0.051135806631833355,0.09588803506439379,0.02388583860357386,0.007060176522973125,0.031386407052496845,0.1545871333316154,0.14487578056880232
216,5,hhbrute3gstep,spacefill19,0.13898245582313531,0.0016137014369481562,0.07266764666492821,1.92982843808301e-05,0.052184552307174635,0.1101190909539338,0.02312124329446907,0.008874647785575507,0.029500009049909258,0.15308688857392008,0.13898245582313531
217,5,wangbrute3gstep,spacefill19,0.12232742297015484,0.0019572303556258308,0.054188743299513,2.968826070210808e-05,0.04874741602788285,0.096238333155183,0.02304591022031638,0.006891394482928254,0.03139023293152776,0.15763226863261784,0.12232742297015484
218,5,longap,spacefill19,0.14183396333450785,0.0009406563511754573,0.08417337350879484,4.987910823386422e-05,0.044376368941142115,0.10719090503384654,0.019410207563184085,0.008162519730231401,0.029493617002997248,0.16080121124186503,0.14183396333450785
219,5,spacefill19,spacefill19,0.09345748949988963,0.0016885128450883074,0.03686794498172172,4.280816095366299e-05,0.04595217587256172,0.09343241134089976,0.021753569530281118,0.007380210159403546,0.02968431112590713,0.16361181803681193,0.09345748949988963
220,5,staircaseramp1,spacefill19,0.17161231297257346,0.001681848969949146,0.08431182541836435,2.214948637422153e-05,0.05116965763163571,0.12129134592367648,0.02676764604881869,0.008883304067440315,0.028920249024409074,0.15435241784911857,0.17161231297257346
221,5,sis,spacefill19,0.14475587427409167,0.0015649809149301686,0.07913915729788391,2.2329200344376423e-05,0.05111750735632545,0.09592821461686774,0.023901735024675456,0.007066092072564336,0.03138149236713878,0.15451877729598762,0.14475587427409167
222,9,hhbrute3gstep,spacefill19,0.13897554102045673,0.0016116900719960268,0.07265643332257128,1.928892018114764e-05,0.05218892238900485,0.11023382536944168,0.02310024754679284,0.008884842362406145,0.02950648880206495,0.15312271624196194,0.13897554102045673
223,9,wangbrute3gstep,spacefill19,0.12236190518268292,0.0019559496273275087,0.05410638035564322,2.9667934817759642e-05,0.048753266171288764,0.09611672694511658,0.023043605367416134,0.006878249696291867,0.03141799267552572,0.15761240011362365,0.12236190518268292
224,9,longap,spacefill19,0.14185645253027254,0.0009426249442722503,0.08408102140827721,4.9965043370537136e-05,0.04436569046893522,0.10700510848614439,0.019438633249234054,0.008147147457484192,0.029506432928883206,0.1607448229241514,0.14185645253027254
225,9,spacefill19,spacefill19,0.0933743910287649,0.0016877657737956785,0.03682024648191871,4.277815212792843e-05,0.0459547176434823,0.09339537486860668,0.021760029751567427,0.007376666784956894,0.029705085578602537,0.1635616723482068,0.0933743910287649
226,9,staircaseramp1,spacefill19,0.172377805987497,0.001686299637569834,0.08439648317755157,2.2078913507836837e-05,0.05118947792555595,0.12198270418361835,0.026791469312940314,0.008934632298928274,0.028867054166134897,0.15434566497793362,0.172377805987497
227,9,sis,spacefill19,0.14483365543022303,0.0015660067352506514,0.0791337128758321,2.2307278098330936e-05,0.05113407688572487,0.09586462626589164,0.023917336063861296,0.0070538938379688275,0.03136944607416954,0.15460739281017327,0.14483365543022303
228,8,hhbrute3gstep,spacefill19,0.1389375114205881,0.001612955777388901,0.07264678247015215,1.9253209013933416e-05,0.05220296935559749,0.11017452661015059,0.023103091572928107,0.008881739865145347,0.029501939168695472,0.15307511274011742,0.1389375114205881
229,8,wangbrute3gstep,spacefill19,0.12242976300553482,0.0019547547283266667,0.05419998431392185,2.9718889324209146e-05,0.04873750652498315,0.09622591667635451,0.02305836404781126,0.006885853353355626,0.03140712853710401,0.15762815472119796,0.12242976300553482
230,8,longap,spacefill19,0.14236989334797007,0.0009445598335596528,0.08409389067004797,5.021244880666217e-05,0.04431596940085531,0.10715692867571862,0.019399557866156568,0.00815572308443302,0.02950810336768637,0.16076303842773737,0.14236989334797007
231,8,spacefill19,spacefill19,0.09337540796817537,0.0016895957338688905,0.03682758298288772,4.291537962883788e-05,0.045929338458730186,0.0934060151888236,0.02176431410059644,0.00737754118551318,0.029687488652100313,0.16361747837386847,0.09337540796817537
232,8,staircaseramp1,spacefill19,0.1715271416986343,0.0016840989989913538,0.08423293684740511,2.21354278234382e-05,0.05117441673299293,0.12141556704055505,0.026755884059402924,0.008891069541194768,0.02892487882972351,0.15434451102037167,0.1715271416986343
233,8,sis,spacefill19,0.14482442174894872,0.0015648013721039189,0.07908405448933355,2.2310360077081174e-05,0.051124929910890946,0.0958716795901176,0.023900670185319224,0.007058642196566177,0.031383193175653676,0.1545579191683601,0.14482442174894872
234,4,hhbrute3gstep,spacefill19,0.13896454935162417,0.0016135631040505264,0.07264923416038674,1.928002956506292e-05,0.05219105958325148,0.11020086147935362,0.023114437285560355,0.008883209968391608,0.029495893914689656,0.15308202342304802,0.13896454935162417
235,4,wangbrute3gstep,spacefill19,0.1223850437318538,0.001954450386961662,0.054138306896656094,2.9720681738418837e-05,0.04873571637568829,0.09618386699677368,0.023044208111708788,0.006883385844082161,0.03141687234939503,0.15763466071786428,0.1223850437318538
236,4,longap,spacefill19,0.1420039569932903,0.0009461801448782444,0.08397352111132925,5.0014198631332966e-05,0.044356820146621526,0.10702042993082461,0.019418488090329165,0.00814331729297702,0.029488547851925444,0.16083299281515454,0.1420039569932903
237,4,spacefill19,spacefill19,0.09345248765692218,0.0016902312911178951,0.036836803094331044,4.286330471092419e-05,0.04593830686701283,0.09344993449618731,0.021753970685878976,0.007379880185016223,0.029704606371378606,0.1635738998519604,0.09345248765692218
238,4,staircaseramp1,spacefill19,0.17214700751299575,0.0016848248838045566,0.08429349965493113,2.213216073754637e-05,0.05117283145471891,0.12173765474939996,0.026786236934102536,0.008910375828541194,0.02889781902059579,0.15438616189907664,0.17214700751299575
239,4,sis,spacefill19,0.14485995948443367,0.0015639628244176358,0.07906820134328921,2.2323987631102727e-05,0.05112307679691743,0.09588177614208647,0.023895675017155213,0.007055366786812931,0.03137947619141833,0.15464139129545748,0.14485995948443367
240,6,hhbrute3gstep,staircaseramp1,0.07820111161734072,0.0016139315198997351,0.07268807170540346,1.9285665672299857e-05,0.05218995088796832,0.11016705021627683,0.02312148055494438,0.008878724459878072,0.029500002872701877,0.15307438061243733,0.07820111161734072
241,6,wangbrute3gstep,staircaseramp1,0.1374426601802705,0.001954251599217304,0.054126629408832165,2.971124923270284e-05,0.04873727739506916,0.09611522870455476,0.023037707237925028,0.0068824182698000525,0.03141572780029609,0.1575937439850291,0.1374426601802705
242,6,longap,staircaseramp1,0.18552100571446165,0.0009435127702473829,0.08406039047195338,4.9866193268019935e-05,0.04438340547646518,0.10723073987732577,0.0193982292498589,0.008158324162027691,0.029495860700161632,0.1608797083099613,0.18552100571446165
243,6,spacefill19,staircaseramp1,0.21864498052624765,0.001688563480549072,0.03682998364928558,4.280394931028446e-05,0.04594816036821972,0.09340991756796803,0.0217596954200893,0.00737543568662725,0.02970321014556958,0.16355738374154738,0.21864498052624765
244,6,staircaseramp1,staircaseramp1,0.06458426148775286,0.0016841844591581703,0.08428140952482513,2.210164497000639e-05,0.05117898808710845,0.12151656856548712,0.026755629959132603,0.008898914899430684,0.028912238883806594,0.15434316605091045,0.06458426148775286
245,6,sis,staircaseramp1,0.06683621506781806,0.0015658065467232503,0.0791371826620743,2.2267394408104658e-05,0.05114788114927614,0.09590406944556355,0.02390644515770214,0.007059670148491882,0.031358806612425696,0.1546327181952137,0.06683621506781806
246,2,hhbrute3gstep,staircaseramp1,0.07820081037957351,0.001613359057715953,0.07262033814028455,1.9287149193857833e-05,0.05218900188246402,0.11015282295419158,0.023114877112451214,0.008875178573399563,0.02950053870530158,0.15310929344824534,0.07820081037957351
247,2,wangbrute3gstep,staircaseramp1,0.137377115663766,0.0019546403769779295,0.054154891487975865,2.9656063672582108e-05,0.048755095200035334,0.09615630225309126,0.023040571059065935,0.006883632380109488,0.0314090286773663,0.15762847317276313,0.137377115663766
248,2,longap,staircaseramp1,0.18548202941699343,0.000938739663295058,0.08424753805590456,4.986264409870215e-05,0.04438440874147487,0.10701133043090627,0.019475298581066523,0.008142070180643245,0.029478250564690306,0.16085389971949277,0.18548202941699343
249,2,spacefill19,staircaseramp1,0.2185421416462175,0.001687420128792609,0.036841673820768674,4.2800287909565516e-05,0.04595109956829706,0.09338848861858073,0.02176585961261377,0.007375262028008507,0.029698198859308796,0.1635673688533898,0.2185421416462175
250,2,staircaseramp1,staircaseramp1,0.06449201970712908,0.0016847318510351682,0.08433059496703166,2.2102155453771742e-05,0.05117721432945049,0.12160040383125727,0.02677828574659539,0.008907770183109497,0.028910381257145432,0.15428993726526938,0.06449201970712908
251,2,sis,staircaseramp1,0.06678550002886947,0.0015652263343232308,0.07912979752671886,2.2319753155173025e-05,0.051122296294794124,0.0958581118665454,0.023915386578244265,0.00705598661334447,0.031370896298311975,0.15457835455294594,0.06678550002886947
252,1,hhbrute3gstep,staircaseramp1,0.07828229846795329,0.0016124261628884147,0.07267757783539519,1.9267362569023e-05,0.05219797118283134,0.11027566546618002,0.023107405962919686,0.008890168984726264,0.029494866944119024,0.15309253049445076,0.07828229846795329
253,1,wangbrute3gstep,staircaseramp1,0.13749908359028387,0.0019543448906456395,0.05412165274962088,2.9672043464162164e-05,0.048750571277965705,0.09613265988669457,0.023052985942951295,0.006883293173685312,0.03139825775344299,0.1575989179537307,0.13749908359028387
254,1,longap,staircaseramp1,0.18589582407729505,0.0009408475817375879,0.08415909966537112,5.0255155945498735e-05,0.04431211864694375,0.10687634837450483,0.019447027798183733,0.008143188597382837,0.029502756287127372,0.16074939053373744,0.18589582407729505
255,1,spacefill19,staircaseramp1,0.21850046737106116,0.0016872992224870817,0.03684719130065946,4.288836376423459e-05,0.04593281727133953,0.09336122281911381,0.021768451318392567,0.007373561594482069,0.02969834570709913,0.16358414691531747,0.21850046737106116
256,1,staircaseramp1,staircaseramp1,0.06460448375661036,0.0016838403849170221,0.08427574459431324,2.213531646814283e-05,0.051170724241054205,0.12151182697997985,0.02677468622601403,0.00889983776598761,0.028912294016540625,0.1543238387755224,0.06460448375661036
257,1,sis,staircaseramp1,0.06687995281627758,0.0015639083655326048,0.07910599169593746,2.2326652041586214e-05,0.05112574419006279,0.09589958888838936,0.023899270112066735,0.007059064531453358,0.03137999059254175,0.15461166955763414,0.06687995281627758
258,7,hhbrute3gstep,staircaseramp1,0.0782331072727029,0.0016140171156030483,0.07266474436301737,1.927955849826808e-05,0.05219566794372966,0.1102145134582941,0.02310786149102074,0.008877230808492953,0.029496948457596508,0.15315129224024462,0.0782331072727029
259,7,wangbrute3gstep,staircaseramp1,0.13731048130900247,0.0019548049818371794,0.0541843593908586,2.9710104649241043e-05,0.04873963780592009,0.09615811653090187,0.023043855898755846,0.006880842270118271,0.03141715323630917,0.15763641266142106,0.13731048130900247
260,7,longap,staircaseramp1,0.18600497850799894,0.0009399410266126859,0.08419663912141458,5.007677015457962e-05,0.044341196701034286,0.10692145299469356,0.019428546270853147,0.008139064126166719,0.029483536269816556,0.16078928985578542,0.18600497850799894
261,7,spacefill19,staircaseramp1,0.21879086468416709,0.0016895808886348278,0.03684993935988079,4.2792841133158967e-05,0.04595392616564455,0.09341414880124892,0.021764717571842538,0.007378440748006644,0.029693774214157122,0.16357039356692568,0.21879086468416709
262,7,staircaseramp1,staircaseramp1,0.06456896750774434,0.0016824443164684762,0.08428226466518944,2.21076583368737e-05,0.05118156442930678,0.12165969038544311,0.026761324322583744,0.008911879516446992,0.028909024358045744,0.15431628482623203,0.06456896750774434
263,7,sis,staircaseramp1,0.06684616406401729,0.001564036216912583,0.07905629075320794,2.2275594134865105e-05,0.05113790537038639,0.09587667495782716,0.02389227882802645,0.007056283267791377,0.031395100692529196,0.15456345157810616,0.06684616406401729
264,0,hhbrute3gstep,staircaseramp1,0.07830513065669371,0.001612745142613367,0.07266444897004798,1.9291349824641462e-05,0.0521898049725677,0.11015497952585807,0.023110544464200057,0.00887737072285832,0.029501151113157417,0.15311819174867994,0.07830513065669371
265,0,wangbrute3gstep,staircaseramp1,0.1371432830473267,0.0019560339804796773,0.054224027273279046,2.9694702912270684e-05,0.048744530051616566,0.09624789158458684,0.023056524815968264,0.006886259310577637,0.03140303675136039,0.15762134331014183,0.1371432830473267
266,0,longap,staircaseramp1,0.1855581214345495,0.0009476577129222895,0.08389316873713268,5.025821670807883e-05,0.04431711191864753,0.1069202893664613,0.01942669772880505,0.00813259916714973,0.029493709934951855,0.16092596408499404,0.1855581214345495
267,0,spacefill19,staircaseramp1,0.2183962296398618,0.001687314816069231,0.03685261655185545,4.272684830101196e-05,0.045965596300970274,0.09342675527115131,0.02175780049817576,0.007377401196952142,0.029699638827716528,0.1635661887416192,0.2183962296398618
268,0,staircaseramp1,staircaseramp1,0.06467169345121457,0.0016831435729334693,0.08423598991455986,2.209610994913527e-05,0.051191792490561536,0.12164894653546889,0.026759560536672316,0.008904209289080874,0.028901116409533467,0.1544241260495896,0.06467169345121457
269,0,sis,staircaseramp1,0.06694961674463476,0.0015650428179960311,0.07917417737043074,2.2290959146736496e-05,0.051134732710429016,0.0959099282670515,0.02389444156519449,0.0070628127245406375,0.03137924839126557,0.1545519749392899,0.06694961674463476
270,3,hhbrute3gstep,staircaseramp1,0.0783518409786412,0.0016128899476087477,0.07267638688982073,1.9263602362418305e-05,0.05219946369132678,0.11021899556290006,0.023109897663973672,0.008884891210433031,0.029493666078488148,0.15309676640312506,0.0783518409786412
271,3,wangbrute3gstep,staircaseramp1,0.13751169837101448,0.0019568945756498935,0.05418561465774364,2.9730736089828066e-05,0.048731029092691655,0.09623850965267879,0.02305130879203659,0.006887398851488001,0.03141481766686369,0.1576023351135931,0.13751169837101448
272,3,longap,staircaseramp1,0.18561496308557246,0.0009444767890119121,0.08407126735547223,5.0046046460385935e-05,0.04435293486214234,0.10702045910751301,0.019428263347916884,0.008141206045478414,0.029490081306761128,0.16086412622272814,0.18561496308557246
273,3,spacefill19,staircaseramp1,0.21857611163255702,0.0016875263104415468,0.03686744618439261,4.273087168749286e-05,0.04596532129776568,0.09343447229275954,0.021759297973620945,0.007381503349263527,0.029698193518249483,0.16355836673342378,0.21857611163255702
274,3,staircaseramp1,staircaseramp1,0.06465793964748907,0.0016834954597790815,0.08429312409240393,2.209633713963004e-05,0.051190264298301064,0.12129455175613138,0.026745044970522772,0.00887928938130142,0.028920343693326488,0.15440031925379522,0.06465793964748907
275,3,sis,staircaseramp1,0.06689227467151422,0.0015651013628864697,0.07914388157430859,2.229144792877356e-05,0.051135806631833355,0.09588803506439379,0.02388583860357386,0.007060176522973125,0.031386407052496845,0.1545871333316154,0.06689227467151422
276,5,hhbrute3gstep,staircaseramp1,0.07837436886075662,0.0016137014369481562,0.07266764666492821,1.92982843808301e-05,0.052184552307174635,0.1101190909539338,0.02312124329446907,0.008874647785575507,0.029500009049909258,0.15308688857392008,0.07837436886075662
277,5,wangbrute3gstep,staircaseramp1,0.13763578223102166,0.0019572303556258308,0.054188743299513,2.968826070210808e-05,0.04874741602788285,0.096238333155183,0.02304591022031638,0.006891394482928254,0.03139023293152776,0.15763226863261784,0.13763578223102166
278,5,longap,staircaseramp1,0.18568561532907166,0.0009406563511754573,0.08417337350879484,4.987910823386422e-05,0.044376368941142115,0.10719090503384654,0.019410207563184085,0.008162519730231401,0.029493617002997248,0.16080121124186503,0.18568561532907166
279,5,spacefill19,staircaseramp1,0.2186941555561275,0.0016885128450883074,0.03686794498172172,4.280816095366299e-05,0.04595217587256172,0.09343241134089976,0.021753569530281118,0.007380210159403546,0.02968431112590713,0.16361181803681193,0.2186941555561275
280,5,staircaseramp1,staircaseramp1,0.06467825176273238,0.001681848969949146,0.08431182541836435,2.214948637422153e-05,0.05116965763163571,0.12129134592367648,0.02676764604881869,0.008883304067440315,0.028920249024409074,0.15435241784911857,0.06467825176273238
281,5,sis,staircaseramp1,0.06692343846386095,0.0015649809149301686,0.07913915729788391,2.2329200344376423e-05,0.05111750735632545,0.09592821461686774,0.023901735024675456,0.007066092072564336,0.03138149236713878,0.15451877729598762,0.06692343846386095
282,9,hhbrute3gstep,staircaseramp1,0.07815020215882068,0.0016116900719960268,0.07265643332257128,1.928892018114764e-05,0.05218892238900485,0.11023382536944168,0.02310024754679284,0.008884842362406145,0.02950648880206495,0.15312271624196194,0.07815020215882068
283,9,wangbrute3gstep,staircaseramp1,0.13769700922298558,0.0019559496273275087,0.05410638035564322,2.9667934817759642e-05,0.048753266171288764,0.09611672694511658,0.023043605367416134,0.006878249696291867,0.03141799267552572,0.15761240011362365,0.13769700922298558
284,9,longap,staircaseramp1,0.18531118673211822,0.0009426249442722503,0.08408102140827721,4.9965043370537136e-05,0.04436569046893522,0.10700510848614439,0.019438633249234054,0.008147147457484192,0.029506432928883206,0.1607448229241514,0.18531118673211822
285,9,spacefill19,staircaseramp1,0.2188003232506069,0.0016877657737956785,0.03682024648191871,4.277815212792843e-05,0.0459547176434823,0.09339537486860668,0.021760029751567427,0.007376666784956894,0.029705085578602537,0.1635616723482068,0.2188003232506069
286,9,staircaseramp1,staircaseramp1,0.06445264788123337,0.001686299637569834,0.08439648317755157,2.2078913507836837e-05,0.05118947792555595,0.12198270418361835,0.026791469312940314,0.008934632298928274,0.028867054166134897,0.15434566497793362,0.06445264788123337
287,9,sis,staircaseramp1,0.06677630857538723,0.0015660067352506514,0.0791337128758321,2.2307278098330936e-05,0.05113407688572487,0.09586462626589164,0.023917336063861296,0.0070538938379688275,0.03136944607416954,0.15460739281017327,0.06677630857538723
288,8,hhbrute3gstep,staircaseramp1,0.07830748580648665,0.001612955777388901,0.07264678247015215,1.9253209013933416e-05,0.05220296935559749,0.11017452661015059,0.023103091572928107,0.008881739865145347,0.029501939168695472,0.15307511274011742,0.07830748580648665
289,8,wangbrute3gstep,staircaseramp1,0.13710847020609973,0.0019547547283266667,0.05419998431392185,2.9718889324209146e-05,0.04873750652498315,0.09622591667635451,0.02305836404781126,0.006885853353355626,0.03140712853710401,0.15762815472119796,0.13710847020609973
290,8,longap,staircaseramp1,0.18619991955802223,0.0009445598335596528,0.08409389067004797,5.021244880666217e-05,0.04431596940085531,0.10715692867571862,0.019399557866156568,0.00815572308443302,0.02950810336768637,0.16076303842773737,0.18619991955802223
291,8,spacefill19,staircaseramp1,0.21883083958756175,0.0016895957338688905,0.03682758298288772,4.291537962883788e-05,0.045929338458730186,0.0934060151888236,0.02176431410059644,0.00737754118551318,0.029687488652100313,0.16361747837386847,0.21883083958756175
292,8,staircaseramp1,staircaseramp1,0.06462773440525828,0.0016840989989913538,0.08423293684740511,2.21354278234382e-05,0.05117441673299293,0.12141556704055505,0.026755884059402924,0.008891069541194768,0.02892487882972351,0.15434451102037167,0.06462773440525828
293,8,sis,staircaseramp1,0.06688440209141355,0.0015648013721039189,0.07908405448933355,2.2310360077081174e-05,0.051124929910890946,0.0958716795901176,0.023900670185319224,0.007058642196566177,0.031383193175653676,0.1545579191683601,0.06688440209141355
294,4,hhbrute3gstep,staircaseramp1,0.07827048684509719,0.0016135631040505264,0.07264923416038674,1.928002956506292e-05,0.05219105958325148,0.11020086147935362,0.023114437285560355,0.008883209968391608,0.029495893914689656,0.15308202342304802,0.07827048684509719
295,4,wangbrute3gstep,staircaseramp1,0.13737436102775702,0.001954450386961662,0.054138306896656094,2.9720681738418837e-05,0.04873571637568829,0.09618386699677368,0.023044208111708788,0.006883385844082161,0.03141687234939503,0.15763466071786428,0.13737436102775702
296,4,longap,staircaseramp1,0.18554898273569728,0.0009461801448782444,0.08397352111132925,5.0014198631332966e-05,0.044356820146621526,0.10702042993082461,0.019418488090329165,0.00814331729297702,0.029488547851925444,0.16083299281515454,0.18554898273569728
297,4,spacefill19,staircaseramp1,0.21881480322658833,0.0016902312911178951,0.036836803094331044,4.286330471092419e-05,0.04593830686701283,0.09344993449618731,0.021753970685878976,0.007379880185016223,0.029704606371378606,0.1635738998519604,0.21881480322658833
298,4,staircaseramp1,staircaseramp1,0.06450642083757649,0.0016848248838045566,0.08429349965493113,2.213216073754637e-05,0.05117283145471891,0.12173765474939996,0.026786236934102536,0.008910375828541194,0.02889781902059579,0.15438616189907664,0.06450642083757649
299,4,sis,staircaseramp1,0.06682127451292535,0.0015639628244176358,0.07906820134328921,2.2323987631102727e-05,0.05112307679691743,0.09588177614208647,0.023895675017155213,0.007055366786812931,0.03137947619141833,0.15464139129545748,0.06682127451292535
300,6,hhbrute3gstep,wangbrute3gstep,0.11651186135688975,0.0016139315198997351,0.07268807170540346,1.9285665672299857e-05,0.05218995088796832,0.11016705021627683,0.02312148055494438,0.008878724459878072,0.029500002872701877,0.15307438061243733,0.11651186135688975
301,6,wangbrute3gstep,wangbrute3gstep,0.10664702869841856,0.001954251599217304,0.054126629408832165,2.971124923270284e-05,0.04873727739506916,0.09611522870455476,0.023037707237925028,0.0068824182698000525,0.03141572780029609,0.1575937439850291,0.10664702869841856
302,6,longap,wangbrute3gstep,0.20881330523622849,0.0009435127702473829,0.08406039047195338,4.9866193268019935e-05,0.04438340547646518,0.10723073987732577,0.0193982292498589,0.008158324162027691,0.029495860700161632,0.1608797083099613,0.20881330523622849
303,6,spacefill19,wangbrute3gstep,0.11667819588562657,0.001688563480549072,0.03682998364928558,4.280394931028446e-05,0.04594816036821972,0.09340991756796803,0.0217596954200893,0.00737543568662725,0.02970321014556958,0.16355738374154738,0.11667819588562657
304,6,staircaseramp1,wangbrute3gstep,0.1264277305822198,0.0016841844591581703,0.08428140952482513,2.210164497000639e-05,0.05117898808710845,0.12151656856548712,0.026755629959132603,0.008898914899430684,0.028912238883806594,0.15434316605091045,0.1264277305822198
305,6,sis,wangbrute3gstep,0.1256036116478994,0.0015658065467232503,0.0791371826620743,2.2267394408104658e-05,0.05114788114927614,0.09590406944556355,0.02390644515770214,0.007059670148491882,0.031358806612425696,0.1546327181952137,0.1256036116478994
306,2,hhbrute3gstep,wangbrute3gstep,0.11625446302727299,0.001613359057715953,0.07262033814028455,1.9287149193857833e-05,0.05218900188246402,0.11015282295419158,0.023114877112451214,0.008875178573399563,0.02950053870530158,0.15310929344824534,0.11625446302727299
307,2,wangbrute3gstep,wangbrute3gstep,0.10646227145634626,0.0019546403769779295,0.054154891487975865,2.9656063672582108e-05,0.048755095200035334,0.09615630225309126,0.023040571059065935,0.006883632380109488,0.0314090286773663,0.15762847317276313,0.10646227145634626
308,2,longap,wangbrute3gstep,0.2082673682509762,0.000938739663295058,0.08424753805590456,4.986264409870215e-05,0.04438440874147487,0.10701133043090627,0.019475298581066523,0.008142070180643245,0.029478250564690306,0.16085389971949277,0.2082673682509762
309,2,spacefill19,wangbrute3gstep,0.11657892743090718,0.001687420128792609,0.036841673820768674,4.2800287909565516e-05,0.04595109956829706,0.09338848861858073,0.02176585961261377,0.007375262028008507,0.029698198859308796,0.1635673688533898,0.11657892743090718
310,2,staircaseramp1,wangbrute3gstep,0.1264158170209719,0.0016847318510351682,0.08433059496703166,2.2102155453771742e-05,0.05117721432945049,0.12160040383125727,0.02677828574659539,0.008907770183109497,0.028910381257145432,0.15428993726526938,0.1264158170209719
311,2,sis,wangbrute3gstep,0.12537949155028838,0.0015652263343232308,0.07912979752671886,2.2319753155173025e-05,0.051122296294794124,0.0958581118665454,0.023915386578244265,0.00705598661334447,0.031370896298311975,0.15457835455294594,0.12537949155028838
312,1,hhbrute3gstep,wangbrute3gstep,0.11645964542607255,0.0016124261628884147,0.07267757783539519,1.9267362569023e-05,0.05219797118283134,0.11027566546618002,0.023107405962919686,0.008890168984726264,0.029494866944119024,0.15309253049445076,0.11645964542607255
313,1,wangbrute3gstep,wangbrute3gstep,0.10661657956033643,0.0019543448906456395,0.05412165274962088,2.9672043464162164e-05,0.048750571277965705,0.09613265988669457,0.023052985942951295,0.006883293173685312,0.03139825775344299,0.1575989179537307,0.10661657956033643
314,1,longap,wangbrute3gstep,0.20883443608653743,0.0009408475817375879,0.08415909966537112,5.0255155945498735e-05,0.04431211864694375,0.10687634837450483,0.019447027798183733,0.008143188597382837,0.029502756287127372,0.16074939053373744,0.20883443608653743
315,1,spacefill19,wangbrute3gstep,0.11660940515571701,0.0016872992224870817,0.03684719130065946,4.288836376423459e-05,0.04593281727133953,0.09336122281911381,0.021768451318392567,0.007373561594482069,0.02969834570709913,0.16358414691531747,0.11660940515571701
316,1,staircaseramp1,wangbrute3gstep,0.1264527310510849,0.0016838403849170221,0.08427574459431324,2.213531646814283e-05,0.051170724241054205,0.12151182697997985,0.02677468622601403,0.00889983776598761,0.028912294016540625,0.1543238387755224,0.1264527310510849
317,1,sis,wangbrute3gstep,0.12551070251947294,0.0015639083655326048,0.07910599169593746,2.2326652041586214e-05,0.05112574419006279,0.09589958888838936,0.023899270112066735,0.007059064531453358,0.03137999059254175,0.15461166955763414,0.12551070251947294
318,7,hhbrute3gstep,wangbrute3gstep,0.11622281215513422,0.0016140171156030483,0.07266474436301737,1.927955849826808e-05,0.05219566794372966,0.1102145134582941,0.02310786149102074,0.008877230808492953,0.029496948457596508,0.15315129224024462,0.11622281215513422
319,7,wangbrute3gstep,wangbrute3gstep,0.10641371658101047,0.0019548049818371794,0.0541843593908586,2.9710104649241043e-05,0.04873963780592009,0.09615811653090187,0.023043855898755846,0.006880842270118271,0.03141715323630917,0.15763641266142106,0.10641371658101047
320,7,longap,wangbrute3gstep,0.20920053250562592,0.0009399410266126859,0.08419663912141458,5.007677015457962e-05,0.044341196701034286,0.10692145299469356,0.019428546270853147,0.008139064126166719,0.029483536269816556,0.16078928985578542,0.20920053250562592
321,7,spacefill19,wangbrute3gstep,0.11649189422704476,0.0016895808886348278,0.03684993935988079,4.2792841133158967e-05,0.04595392616564455,0.09341414880124892,0.021764717571842538,0.007378440748006644,0.029693774214157122,0.16357039356692568,0.11649189422704476
322,7,staircaseramp1,wangbrute3gstep,0.1261551787652584,0.0016824443164684762,0.08428226466518944,2.21076583368737e-05,0.05118156442930678,0.12165969038544311,0.026761324322583744,0.008911879516446992,0.028909024358045744,0.15431628482623203,0.1261551787652584
323,7,sis,wangbrute3gstep,0.12520613656160728,0.001564036216912583,0.07905629075320794,2.2275594134865105e-05,0.05113790537038639,0.09587667495782716,0.02389227882802645,0.007056283267791377,0.031395100692529196,0.15456345157810616,0.12520613656160728
324,0,hhbrute3gstep,wangbrute3gstep,0.11643264105309924,0.001612745142613367,0.07266444897004798,1.9291349824641462e-05,0.0521898049725677,0.11015497952585807,0.023110544464200057,0.00887737072285832,0.029501151113157417,0.15311819174867994,0.11643264105309924
325,0,wangbrute3gstep,wangbrute3gstep,0.10657239016934023,0.0019560339804796773,0.054224027273279046,2.9694702912270684e-05,0.048744530051616566,0.09624789158458684,0.023056524815968264,0.006886259310577637,0.03140303675136039,0.15762134331014183,0.10657239016934023
326,0,longap,wangbrute3gstep,0.20874364290240088,0.0009476577129222895,0.08389316873713268,5.025821670807883e-05,0.04431711191864753,0.1069202893664613,0.01942669772880505,0.00813259916714973,0.029493709934951855,0.16092596408499404,0.20874364290240088
327,0,spacefill19,wangbrute3gstep,0.11661443727585993,0.001687314816069231,0.03685261655185545,4.272684830101196e-05,0.045965596300970274,0.09342675527115131,0.02175780049817576,0.007377401196952142,0.029699638827716528,0.1635661887416192,0.11661443727585993
328,0,staircaseramp1,wangbrute3gstep,0.12627846031173728,0.0016831435729334693,0.08423598991455986,2.209610994913527e-05,0.051191792490561536,0.12164894653546889,0.026759560536672316,0.008904209289080874,0.028901116409533467,0.1544241260495896,0.12627846031173728
329,0,sis,wangbrute3gstep,0.12556335738735055,0.0015650428179960311,0.07917417737043074,2.2290959146736496e-05,0.051134732710429016,0.0959099282670515,0.02389444156519449,0.0070628127245406375,0.03137924839126557,0.1545519749392899,0.12556335738735055
330,3,hhbrute3gstep,wangbrute3gstep,0.11641098144336737,0.0016128899476087477,0.07267638688982073,1.9263602362418305e-05,0.05219946369132678,0.11021899556290006,0.023109897663973672,0.008884891210433031,0.029493666078488148,0.15309676640312506,0.11641098144336737
331,3,wangbrute3gstep,wangbrute3gstep,0.10655446250662146,0.0019568945756498935,0.05418561465774364,2.9730736089828066e-05,0.048731029092691655,0.09623850965267879,0.02305130879203659,0.006887398851488001,0.03141481766686369,0.1576023351135931,0.10655446250662146
332,3,longap,wangbrute3gstep,0.2089120672287534,0.0009444767890119121,0.08407126735547223,5.0046046460385935e-05,0.04435293486214234,0.10702045910751301,0.019428263347916884,0.008141206045478414,0.029490081306761128,0.16086412622272814,0.2089120672287534
333,3,spacefill19,wangbrute3gstep,0.11657707226170798,0.0016875263104415468,0.03686744618439261,4.273087168749286e-05,0.04596532129776568,0.09343447229275954,0.021759297973620945,0.007381503349263527,0.029698193518249483,0.16355836673342378,0.11657707226170798
334,3,staircaseramp1,wangbrute3gstep,0.12629172969637492,0.0016834954597790815,0.08429312409240393,2.209633713963004e-05,0.051190264298301064,0.12129455175613138,0.026745044970522772,0.00887928938130142,0.028920343693326488,0.15440031925379522,0.12629172969637492
335,3,sis,wangbrute3gstep,0.1255404334590895,0.0015651013628864697,0.07914388157430859,2.229144792877356e-05,0.051135806631833355,0.09588803506439379,0.02388583860357386,0.007060176522973125,0.031386407052496845,0.1545871333316154,0.1255404334590895
336,5,hhbrute3gstep,wangbrute3gstep,0.1164035625677109,0.0016137014369481562,0.07266764666492821,1.92982843808301e-05,0.052184552307174635,0.1101190909539338,0.02312124329446907,0.008874647785575507,0.029500009049909258,0.15308688857392008,0.1164035625677109
337,5,wangbrute3gstep,wangbrute3gstep,0.10656024654060593,0.0019572303556258308,0.054188743299513,2.968826070210808e-05,0.04874741602788285,0.096238333155183,0.02304591022031638,0.006891394482928254,0.03139023293152776,0.15763226863261784,0.10656024654060593
338,5,longap,wangbrute3gstep,0.20874819552252177,0.0009406563511754573,0.08417337350879484,4.987910823386422e-05,0.044376368941142115,0.10719090503384654,0.019410207563184085,0.008162519730231401,0.029493617002997248,0.16080121124186503,0.20874819552252177
339,5,spacefill19,wangbrute3gstep,0.11664609177611542,0.0016885128450883074,0.03686794498172172,4.280816095366299e-05,0.04595217587256172,0.09343241134089976,0.021753569530281118,0.007380210159403546,0.02968431112590713,0.16361181803681193,0.11664609177611542
340,5,staircaseramp1,wangbrute3gstep,0.12645772067508576,0.001681848969949146,0.08431182541836435,2.214948637422153e-05,0.05116965763163571,0.12129134592367648,0.02676764604881869,0.008883304067440315,0.028920249024409074,0.15435241784911857,0.12645772067508576
341,5,sis,wangbrute3gstep,0.12548606669770826,0.0015649809149301686,0.07913915729788391,2.2329200344376423e-05,0.05111750735632545,0.09592821461686774,0.023901735024675456,0.007066092072564336,0.03138149236713878,0.15451877729598762,0.12548606669770826
342,9,hhbrute3gstep,wangbrute3gstep,0.11640915196134943,0.0016116900719960268,0.07265643332257128,1.928892018114764e-05,0.05218892238900485,0.11023382536944168,0.02310024754679284,0.008884842362406145,0.02950648880206495,0.15312271624196194,0.11640915196134943
343,9,wangbrute3gstep,wangbrute3gstep,0.10655351219522782,0.0019559496273275087,0.05410638035564322,2.9667934817759642e-05,0.048753266171288764,0.09611672694511658,0.023043605367416134,0.006878249696291867,0.03141799267552572,0.15761240011362365,0.10655351219522782
344,9,longap,wangbrute3gstep,0.20857408184829973,0.0009426249442722503,0.08408102140827721,4.9965043370537136e-05,0.04436569046893522,0.10700510848614439,0.019438633249234054,0.008147147457484192,0.029506432928883206,0.1607448229241514,0.20857408184829973
345,9,spacefill19,wangbrute3gstep,0.11658553098152753,0.0016877657737956785,0.03682024648191871,4.277815212792843e-05,0.0459547176434823,0.09339537486860668,0.021760029751567427,0.007376666784956894,0.029705085578602537,0.1635616723482068,0.11658553098152753
346,9,staircaseramp1,wangbrute3gstep,0.12644919878428382,0.001686299637569834,0.08439648317755157,2.2078913507836837e-05,0.05118947792555595,0.12198270418361835,0.026791469312940314,0.008934632298928274,0.028867054166134897,0.15434566497793362,0.12644919878428382
347,9,sis,wangbrute3gstep,0.12549768925856128,0.0015660067352506514,0.0791337128758321,2.2307278098330936e-05,0.05113407688572487,0.09586462626589164,0.023917336063861296,0.0070538938379688275,0.03136944607416954,0.15460739281017327,0.12549768925856128
348,8,hhbrute3gstep,wangbrute3gstep,0.11634855031594724,0.001612955777388901,0.07264678247015215,1.9253209013933416e-05,0.05220296935559749,0.11017452661015059,0.023103091572928107,0.008881739865145347,0.029501939168695472,0.15307511274011742,0.11634855031594724
349,8,wangbrute3gstep,wangbrute3gstep,0.10649032252790142,0.0019547547283266667,0.05419998431392185,2.9718889324209146e-05,0.04873750652498315,0.09622591667635451,0.02305836404781126,0.006885853353355626,0.03140712853710401,0.15762815472119796,0.10649032252790142
350,8,longap,wangbrute3gstep,0.20946934567821812,0.0009445598335596528,0.08409389067004797,5.021244880666217e-05,0.04431596940085531,0.10715692867571862,0.019399557866156568,0.00815572308443302,0.02950810336768637,0.16076303842773737,0.20946934567821812
351,8,spacefill19,wangbrute3gstep,0.11667757311109893,0.0016895957338688905,0.03682758298288772,4.291537962883788e-05,0.045929338458730186,0.0934060151888236,0.02176431410059644,0.00737754118551318,0.029687488652100313,0.16361747837386847,0.11667757311109893
352,8,staircaseramp1,wangbrute3gstep,0.12623079641704527,0.0016840989989913538,0.08423293684740511,2.21354278234382e-05,0.05117441673299293,0.12141556704055505,0.026755884059402924,0.008891069541194768,0.02892487882972351,0.15434451102037167,0.12623079641704527
353,8,sis,wangbrute3gstep,0.12535657520856497,0.0015648013721039189,0.07908405448933355,2.2310360077081174e-05,0.051124929910890946,0.0958716795901176,0.023900670185319224,0.007058642196566177,0.031383193175653676,0.1545579191683601,0.12535657520856497
354,4,hhbrute3gstep,wangbrute3gstep,0.11633404042297936,0.0016135631040505264,0.07264923416038674,1.928002956506292e-05,0.05219105958325148,0.11020086147935362,0.023114437285560355,0.008883209968391608,0.029495893914689656,0.15308202342304802,0.11633404042297936
355,4,wangbrute3gstep,wangbrute3gstep,0.10647756073352511,0.001954450386961662,0.054138306896656094,2.9720681738418837e-05,0.04873571637568829,0.09618386699677368,0.023044208111708788,0.006883385844082161,0.03141687234939503,0.15763466071786428,0.10647756073352511
356,4,longap,wangbrute3gstep,0.2088770215933462,0.0009461801448782444,0.08397352111132925,5.0014198631332966e-05,0.044356820146621526,0.10702042993082461,0.019418488090329165,0.00814331729297702,0.029488547851925444,0.16083299281515454,0.2088770215933462
357,4,spacefill19,wangbrute3gstep,0.11657733829997355,0.0016902312911178951,0.036836803094331044,4.286330471092419e-05,0.04593830686701283,0.09344993449618731,0.021753970685878976,0.007379880185016223,0.029704606371378606,0.1635738998519604,0.11657733829997355
358,4,staircaseramp1,wangbrute3gstep,0.12633144948102168,0.0016848248838045566,0.08429349965493113,2.213216073754637e-05,0.05117283145471891,0.12173765474939996,0.026786236934102536,0.008910375828541194,0.02889781902059579,0.15438616189907664,0.12633144948102168
359,4,sis,wangbrute3gstep,0.12531164215536425,0.0015639628244176358,0.07906820134328921,2.2323987631102727e-05,0.05112307679691743,0.09588177614208647,0.023895675017155213,0.007055366786812931,0.03137947619141833,0.15464139129545748,0.12531164215536425
